object_type,clr_property,enum_type,members
AbsorptionColumn,OperationMode,DWSIM.UnitOperations.UnitOperations.AbsorptionColumn+OpMode,"Absorber,Extractor"
AbsorptionColumn,ObjectClass,DWSIM.Interfaces.Enums.SimulationObjectClass,"Streams,PressureChangers,Separators,MixersSplitters,Exchangers,Reactors,Columns,Solids,CAPEOPEN,UserModels,Logical,Other,Indicators,Controllers,Switches,Inputs,None,CleanPowerSources,Electrolyzers"
AbsorptionColumn,SolverScheme,DWSIM.UnitOperations.UnitOperations.Column+SolvingScheme,"Ideal_K_Init,Ideal_Enthalpy_Init,Ideal_K_and_Enthalpy_Init,Direct"
AbsorptionColumn,CondenserType,DWSIM.UnitOperations.UnitOperations.Column+condtype,"Total_Condenser,Partial_Condenser,Full_Reflux"
AbsorptionColumn,ColumnType,DWSIM.UnitOperations.UnitOperations.Column+ColType,"DistillationColumn,AbsorptionColumn,ReboiledAbsorber,RefluxedAbsorber"
AbsorptionColumn,DynamicsSpec,DWSIM.Interfaces.Enums.Dynamics+DynamicsSpecType,"Pressure,Flow"
AnalogGauge,ObjectClass,DWSIM.Interfaces.Enums.SimulationObjectClass,"Streams,PressureChangers,Separators,MixersSplitters,Exchangers,Reactors,Columns,Solids,CAPEOPEN,UserModels,Logical,Other,Indicators,Controllers,Switches,Inputs,None,CleanPowerSources,Electrolyzers"
AnalogGauge,SelectedPropertyType,DWSIM.Interfaces.Enums.UnitOfMeasure,"accel,activity,activityCoefficient,area,boilingPointTemperature,cakeresistance,cinematic_viscosity,compressibility,compressibilityFactor,deltaP,deltaT,density,diameter,distance,enthalpy,entropy,excessEnthalpy,excessEntropy,force,foulingfactor,fugacity,fugacityCoefficient,gor,head,heat_transf_coeff,heatCapacityCp,heatCapacityCv,heatflow,idealGasHeatCapacity,jouleThomsonCoefficient,kvalue,logFugacityCoefficient,logKvalue,mass,mass_conc,massflow,massfraction,mediumresistance,meltingTemperature,molar_conc,molar_enthalpy,molar_entropy,molar_volume,molarflow,molarfraction,molecularWeight,pressure,reac_rate,reac_rate_heterog,spec_vol,speedOfSound,surfaceTension,temperature,thermalConductivity,thermalConductivityOfLiquid,thermalConductivityOfVapor,thickness,time,vaporPressure,velocity,viscosity,viscosityOfLiquid,viscosityOfVapor,volume,volumetricFlow,diffusivity,none,conductance,heat,mole,emission_factor,specificpower"
AnalogGauge,DynamicsSpec,DWSIM.Interfaces.Enums.Dynamics+DynamicsSpecType,"Pressure,Flow"
ComponentSeparator,ObjectClass,DWSIM.Interfaces.Enums.SimulationObjectClass,"Streams,PressureChangers,Separators,MixersSplitters,Exchangers,Reactors,Columns,Solids,CAPEOPEN,UserModels,Logical,Other,Indicators,Controllers,Switches,Inputs,None,CleanPowerSources,Electrolyzers"
ComponentSeparator,DynamicsSpec,DWSIM.Interfaces.Enums.Dynamics+DynamicsSpecType,"Pressure,Flow"
Compressor,ObjectClass,DWSIM.Interfaces.Enums.SimulationObjectClass,"Streams,PressureChangers,Separators,MixersSplitters,Exchangers,Reactors,Columns,Solids,CAPEOPEN,UserModels,Logical,Other,Indicators,Controllers,Switches,Inputs,None,CleanPowerSources,Electrolyzers"
Compressor,CalcMode,DWSIM.UnitOperations.UnitOperations.Compressor+CalculationMode,"OutletPressure,Delta_P,EnergyStream,PowerRequired,Head,Curves,PressureRatio"
Compressor,ProcessPath,DWSIM.UnitOperations.UnitOperations.Compressor+ProcessPathType,"Adiabatic,Polytropic"
Compressor,DynamicsSpec,DWSIM.Interfaces.Enums.Dynamics+DynamicsSpecType,"Pressure,Flow"
Controller_PID,ObjectClass,DWSIM.Interfaces.Enums.SimulationObjectClass,"Streams,PressureChangers,Separators,MixersSplitters,Exchangers,Reactors,Columns,Solids,CAPEOPEN,UserModels,Logical,Other,Indicators,Controllers,Switches,Inputs,None,CleanPowerSources,Electrolyzers"
Controller_PID,DynamicsSpec,DWSIM.Interfaces.Enums.Dynamics+DynamicsSpecType,"Pressure,Flow"
Controller_Python,ObjectClass,DWSIM.Interfaces.Enums.SimulationObjectClass,"Streams,PressureChangers,Separators,MixersSplitters,Exchangers,Reactors,Columns,Solids,CAPEOPEN,UserModels,Logical,Other,Indicators,Controllers,Switches,Inputs,None,CleanPowerSources,Electrolyzers"
Controller_Python,DynamicsSpec,DWSIM.Interfaces.Enums.Dynamics+DynamicsSpecType,"Pressure,Flow"
Cooler,ObjectClass,DWSIM.Interfaces.Enums.SimulationObjectClass,"Streams,PressureChangers,Separators,MixersSplitters,Exchangers,Reactors,Columns,Solids,CAPEOPEN,UserModels,Logical,Other,Indicators,Controllers,Switches,Inputs,None,CleanPowerSources,Electrolyzers"
Cooler,CalcMode,DWSIM.UnitOperations.UnitOperations.Cooler+CalculationMode,"HeatRemoved,OutletTemperature,OutletVaporFraction,TemperatureChange,EnergyStream"
Cooler,DynamicsSpec,DWSIM.Interfaces.Enums.Dynamics+DynamicsSpecType,"Pressure,Flow"
CustomUO,ObjectClass,DWSIM.Interfaces.Enums.SimulationObjectClass,"Streams,PressureChangers,Separators,MixersSplitters,Exchangers,Reactors,Columns,Solids,CAPEOPEN,UserModels,Logical,Other,Indicators,Controllers,Switches,Inputs,None,CleanPowerSources,Electrolyzers"
CustomUO,ExecutionEngine,DWSIM.UnitOperations.UnitOperations.CustomUO+PythonExecutionEngine,"IronPython,PythonNET"
CustomUO,DynamicsSpec,DWSIM.Interfaces.Enums.Dynamics+DynamicsSpecType,"Pressure,Flow"
DigitalGauge,ObjectClass,DWSIM.Interfaces.Enums.SimulationObjectClass,"Streams,PressureChangers,Separators,MixersSplitters,Exchangers,Reactors,Columns,Solids,CAPEOPEN,UserModels,Logical,Other,Indicators,Controllers,Switches,Inputs,None,CleanPowerSources,Electrolyzers"
DigitalGauge,SelectedPropertyType,DWSIM.Interfaces.Enums.UnitOfMeasure,"accel,activity,activityCoefficient,area,boilingPointTemperature,cakeresistance,cinematic_viscosity,compressibility,compressibilityFactor,deltaP,deltaT,density,diameter,distance,enthalpy,entropy,excessEnthalpy,excessEntropy,force,foulingfactor,fugacity,fugacityCoefficient,gor,head,heat_transf_coeff,heatCapacityCp,heatCapacityCv,heatflow,idealGasHeatCapacity,jouleThomsonCoefficient,kvalue,logFugacityCoefficient,logKvalue,mass,mass_conc,massflow,massfraction,mediumresistance,meltingTemperature,molar_conc,molar_enthalpy,molar_entropy,molar_volume,molarflow,molarfraction,molecularWeight,pressure,reac_rate,reac_rate_heterog,spec_vol,speedOfSound,surfaceTension,temperature,thermalConductivity,thermalConductivityOfLiquid,thermalConductivityOfVapor,thickness,time,vaporPressure,velocity,viscosity,viscosityOfLiquid,viscosityOfVapor,volume,volumetricFlow,diffusivity,none,conductance,heat,mole,emission_factor,specificpower"
DigitalGauge,DynamicsSpec,DWSIM.Interfaces.Enums.Dynamics+DynamicsSpecType,"Pressure,Flow"
DistillationColumn,ObjectClass,DWSIM.Interfaces.Enums.SimulationObjectClass,"Streams,PressureChangers,Separators,MixersSplitters,Exchangers,Reactors,Columns,Solids,CAPEOPEN,UserModels,Logical,Other,Indicators,Controllers,Switches,Inputs,None,CleanPowerSources,Electrolyzers"
DistillationColumn,SolverScheme,DWSIM.UnitOperations.UnitOperations.Column+SolvingScheme,"Ideal_K_Init,Ideal_Enthalpy_Init,Ideal_K_and_Enthalpy_Init,Direct"
DistillationColumn,CondenserType,DWSIM.UnitOperations.UnitOperations.Column+condtype,"Total_Condenser,Partial_Condenser,Full_Reflux"
DistillationColumn,ColumnType,DWSIM.UnitOperations.UnitOperations.Column+ColType,"DistillationColumn,AbsorptionColumn,ReboiledAbsorber,RefluxedAbsorber"
DistillationColumn,DynamicsSpec,DWSIM.Interfaces.Enums.Dynamics+DynamicsSpecType,"Pressure,Flow"
EnergyStream,ObjectClass,DWSIM.Interfaces.Enums.SimulationObjectClass,"Streams,PressureChangers,Separators,MixersSplitters,Exchangers,Reactors,Columns,Solids,CAPEOPEN,UserModels,Logical,Other,Indicators,Controllers,Switches,Inputs,None,CleanPowerSources,Electrolyzers"
EnergyStream,DynamicsSpec,DWSIM.Interfaces.Enums.Dynamics+DynamicsSpecType,"Pressure,Flow"
ExcelUO,ObjectClass,DWSIM.Interfaces.Enums.SimulationObjectClass,"Streams,PressureChangers,Separators,MixersSplitters,Exchangers,Reactors,Columns,Solids,CAPEOPEN,UserModels,Logical,Other,Indicators,Controllers,Switches,Inputs,None,CleanPowerSources,Electrolyzers"
ExcelUO,DynamicsSpec,DWSIM.Interfaces.Enums.Dynamics+DynamicsSpecType,"Pressure,Flow"
Expander,ObjectClass,DWSIM.Interfaces.Enums.SimulationObjectClass,"Streams,PressureChangers,Separators,MixersSplitters,Exchangers,Reactors,Columns,Solids,CAPEOPEN,UserModels,Logical,Other,Indicators,Controllers,Switches,Inputs,None,CleanPowerSources,Electrolyzers"
Expander,CalcMode,DWSIM.UnitOperations.UnitOperations.Expander+CalculationMode,"OutletPressure,Delta_P,PowerGenerated,Head,Curves,PressureRatio"
Expander,ProcessPath,DWSIM.UnitOperations.UnitOperations.Expander+ProcessPathType,"Adiabatic,Polytropic"
Expander,DynamicsSpec,DWSIM.Interfaces.Enums.Dynamics+DynamicsSpecType,"Pressure,Flow"
Filter,ObjectClass,DWSIM.Interfaces.Enums.SimulationObjectClass,"Streams,PressureChangers,Separators,MixersSplitters,Exchangers,Reactors,Columns,Solids,CAPEOPEN,UserModels,Logical,Other,Indicators,Controllers,Switches,Inputs,None,CleanPowerSources,Electrolyzers"
Filter,CalcMode,DWSIM.UnitOperations.UnitOperations.Filter+CalculationMode,"Design,Simulation"
Filter,DynamicsSpec,DWSIM.Interfaces.Enums.Dynamics+DynamicsSpecType,"Pressure,Flow"
FlowsheetUO,ObjectClass,DWSIM.Interfaces.Enums.SimulationObjectClass,"Streams,PressureChangers,Separators,MixersSplitters,Exchangers,Reactors,Columns,Solids,CAPEOPEN,UserModels,Logical,Other,Indicators,Controllers,Switches,Inputs,None,CleanPowerSources,Electrolyzers"
FlowsheetUO,MassTransferMode,DWSIM.UnitOperations.UnitOperations.Auxiliary.FlowsheetUOMassTransferMode,"CompoundMassFlows,CompoundMoleFlows,CompoundMassFractions,CompoundMoleFractions"
FlowsheetUO,DynamicsSpec,DWSIM.Interfaces.Enums.Dynamics+DynamicsSpecType,"Pressure,Flow"
HeatExchanger,ObjectClass,DWSIM.Interfaces.Enums.SimulationObjectClass,"Streams,PressureChangers,Separators,MixersSplitters,Exchangers,Reactors,Columns,Solids,CAPEOPEN,UserModels,Logical,Other,Indicators,Controllers,Switches,Inputs,None,CleanPowerSources,Electrolyzers"
HeatExchanger,FlowDir,DWSIM.UnitOperations.UnitOperations.FlowDirection,"CounterCurrent,CoCurrent"
HeatExchanger,DefinedTemperature,DWSIM.UnitOperations.UnitOperations.SpecifiedTemperature,"Hot_Fluid,Cold_Fluid"
HeatExchanger,CalculationMode,DWSIM.UnitOperations.UnitOperations.HeatExchangerCalcMode,"CalcTempHotOut,CalcTempColdOut,CalcBothTemp,CalcBothTemp_UA,CalcArea,ShellandTube_Rating,ShellandTube_CalcFoulingFactor,PinchPoint,ThermalEfficiency,OutletVaporFraction1,OutletVaporFraction2"
HeatExchanger,DynamicsSpec,DWSIM.Interfaces.Enums.Dynamics+DynamicsSpecType,"Pressure,Flow"
Heater,ObjectClass,DWSIM.Interfaces.Enums.SimulationObjectClass,"Streams,PressureChangers,Separators,MixersSplitters,Exchangers,Reactors,Columns,Solids,CAPEOPEN,UserModels,Logical,Other,Indicators,Controllers,Switches,Inputs,None,CleanPowerSources,Electrolyzers"
Heater,CalcMode,DWSIM.UnitOperations.UnitOperations.Heater+CalculationMode,"HeatAdded,OutletTemperature,EnergyStream,OutletVaporFraction,TemperatureChange,HeatAddedRemoved"
Heater,DynamicsSpec,DWSIM.Interfaces.Enums.Dynamics+DynamicsSpecType,"Pressure,Flow"
HydroelectricTurbine,ObjectClass,DWSIM.Interfaces.Enums.SimulationObjectClass,"Streams,PressureChangers,Separators,MixersSplitters,Exchangers,Reactors,Columns,Solids,CAPEOPEN,UserModels,Logical,Other,Indicators,Controllers,Switches,Inputs,None,CleanPowerSources,Electrolyzers"
HydroelectricTurbine,DynamicsSpec,DWSIM.Interfaces.Enums.Dynamics+DynamicsSpecType,"Pressure,Flow"
Input,ObjectClass,DWSIM.Interfaces.Enums.SimulationObjectClass,"Streams,PressureChangers,Separators,MixersSplitters,Exchangers,Reactors,Columns,Solids,CAPEOPEN,UserModels,Logical,Other,Indicators,Controllers,Switches,Inputs,None,CleanPowerSources,Electrolyzers"
Input,SelectedPropertyType,DWSIM.Interfaces.Enums.UnitOfMeasure,"accel,activity,activityCoefficient,area,boilingPointTemperature,cakeresistance,cinematic_viscosity,compressibility,compressibilityFactor,deltaP,deltaT,density,diameter,distance,enthalpy,entropy,excessEnthalpy,excessEntropy,force,foulingfactor,fugacity,fugacityCoefficient,gor,head,heat_transf_coeff,heatCapacityCp,heatCapacityCv,heatflow,idealGasHeatCapacity,jouleThomsonCoefficient,kvalue,logFugacityCoefficient,logKvalue,mass,mass_conc,massflow,massfraction,mediumresistance,meltingTemperature,molar_conc,molar_enthalpy,molar_entropy,molar_volume,molarflow,molarfraction,molecularWeight,pressure,reac_rate,reac_rate_heterog,spec_vol,speedOfSound,surfaceTension,temperature,thermalConductivity,thermalConductivityOfLiquid,thermalConductivityOfVapor,thickness,time,vaporPressure,velocity,viscosity,viscosityOfLiquid,viscosityOfVapor,volume,volumetricFlow,diffusivity,none,conductance,heat,mole,emission_factor,specificpower"
Input,DynamicsSpec,DWSIM.Interfaces.Enums.Dynamics+DynamicsSpecType,"Pressure,Flow"
LevelGauge,ObjectClass,DWSIM.Interfaces.Enums.SimulationObjectClass,"Streams,PressureChangers,Separators,MixersSplitters,Exchangers,Reactors,Columns,Solids,CAPEOPEN,UserModels,Logical,Other,Indicators,Controllers,Switches,Inputs,None,CleanPowerSources,Electrolyzers"
LevelGauge,SelectedPropertyType,DWSIM.Interfaces.Enums.UnitOfMeasure,"accel,activity,activityCoefficient,area,boilingPointTemperature,cakeresistance,cinematic_viscosity,compressibility,compressibilityFactor,deltaP,deltaT,density,diameter,distance,enthalpy,entropy,excessEnthalpy,excessEntropy,force,foulingfactor,fugacity,fugacityCoefficient,gor,head,heat_transf_coeff,heatCapacityCp,heatCapacityCv,heatflow,idealGasHeatCapacity,jouleThomsonCoefficient,kvalue,logFugacityCoefficient,logKvalue,mass,mass_conc,massflow,massfraction,mediumresistance,meltingTemperature,molar_conc,molar_enthalpy,molar_entropy,molar_volume,molarflow,molarfraction,molecularWeight,pressure,reac_rate,reac_rate_heterog,spec_vol,speedOfSound,surfaceTension,temperature,thermalConductivity,thermalConductivityOfLiquid,thermalConductivityOfVapor,thickness,time,vaporPressure,velocity,viscosity,viscosityOfLiquid,viscosityOfVapor,volume,volumetricFlow,diffusivity,none,conductance,heat,mole,emission_factor,specificpower"
LevelGauge,DynamicsSpec,DWSIM.Interfaces.Enums.Dynamics+DynamicsSpecType,"Pressure,Flow"
MaterialStream,ObjectClass,DWSIM.Interfaces.Enums.SimulationObjectClass,"Streams,PressureChangers,Separators,MixersSplitters,Exchangers,Reactors,Columns,Solids,CAPEOPEN,UserModels,Logical,Other,Indicators,Controllers,Switches,Inputs,None,CleanPowerSources,Electrolyzers"
MaterialStream,FloatingTableAmountBasis,DWSIM.Interfaces.Enums.CompositionBasis,"Molar_Fractions,Mass_Fractions,Volumetric_Fractions,Molar_Flows,Mass_Flows,Volumetric_Flows,DefaultBasis"
MaterialStream,DefinedFlow,DWSIM.Interfaces.Enums.FlowSpec,"Mass,Mole,Volumetric"
MaterialStream,ForcePhase,DWSIM.Interfaces.Enums.ForcedPhase,"None,Vapor,Liquid,Solid,GlobalDef"
MaterialStream,SpecType,DWSIM.Interfaces.Enums.StreamSpec,"Temperature_and_Pressure,Pressure_and_Enthalpy,Pressure_and_Entropy,Pressure_and_VaporFraction,Temperature_and_VaporFraction,Pressure_and_SolidFraction,Volume_and_Temperature,Volume_and_Enthalpy,Volume_and_Entropy"
MaterialStream,CompositionBasis,DWSIM.Interfaces.Enums.CompositionBasis,"Molar_Fractions,Mass_Fractions,Volumetric_Fractions,Molar_Flows,Mass_Flows,Volumetric_Flows,DefaultBasis"
MaterialStream,StreamType,DWSIM.Interfaces.Enums.StreamType,"Feed,Product,Recycle_In,Recycle_Out,Inner,Undefined"
MaterialStream,DynamicsSpec,DWSIM.Interfaces.Enums.Dynamics+DynamicsSpecType,"Pressure,Flow"
Mixer,ObjectClass,DWSIM.Interfaces.Enums.SimulationObjectClass,"Streams,PressureChangers,Separators,MixersSplitters,Exchangers,Reactors,Columns,Solids,CAPEOPEN,UserModels,Logical,Other,Indicators,Controllers,Switches,Inputs,None,CleanPowerSources,Electrolyzers"
Mixer,PressureCalculation,DWSIM.UnitOperations.UnitOperations.Mixer+PressureBehavior,"Average,Maximum,Minimum"
Mixer,DynamicsSpec,DWSIM.Interfaces.Enums.Dynamics+DynamicsSpecType,"Pressure,Flow"
NodeIn,ObjectClass,DWSIM.Interfaces.Enums.SimulationObjectClass,"Streams,PressureChangers,Separators,MixersSplitters,Exchangers,Reactors,Columns,Solids,CAPEOPEN,UserModels,Logical,Other,Indicators,Controllers,Switches,Inputs,None,CleanPowerSources,Electrolyzers"
NodeIn,PressureCalculation,DWSIM.UnitOperations.UnitOperations.Mixer+PressureBehavior,"Average,Maximum,Minimum"
NodeIn,DynamicsSpec,DWSIM.Interfaces.Enums.Dynamics+DynamicsSpecType,"Pressure,Flow"
NodeOut,ObjectClass,DWSIM.Interfaces.Enums.SimulationObjectClass,"Streams,PressureChangers,Separators,MixersSplitters,Exchangers,Reactors,Columns,Solids,CAPEOPEN,UserModels,Logical,Other,Indicators,Controllers,Switches,Inputs,None,CleanPowerSources,Electrolyzers"
NodeOut,OperationMode,DWSIM.UnitOperations.UnitOperations.Splitter+OpMode,"SplitRatios,StreamMassFlowSpec,StreamMoleFlowSpec"
NodeOut,DynamicsSpec,DWSIM.Interfaces.Enums.Dynamics+DynamicsSpecType,"Pressure,Flow"
OT_Adjust,ObjectClass,DWSIM.Interfaces.Enums.SimulationObjectClass,"Streams,PressureChangers,Separators,MixersSplitters,Exchangers,Reactors,Columns,Solids,CAPEOPEN,UserModels,Logical,Other,Indicators,Controllers,Switches,Inputs,None,CleanPowerSources,Electrolyzers"
OT_Adjust,DynamicsSpec,DWSIM.Interfaces.Enums.Dynamics+DynamicsSpecType,"Pressure,Flow"
OT_EnergyRecycle,AccelerationMethod,DWSIM.Interfaces.Enums.AccelMethod,"None,Wegstein,Dominant_Eigenvalue,GlobalBroyden"
OT_EnergyRecycle,ObjectClass,DWSIM.Interfaces.Enums.SimulationObjectClass,"Streams,PressureChangers,Separators,MixersSplitters,Exchangers,Reactors,Columns,Solids,CAPEOPEN,UserModels,Logical,Other,Indicators,Controllers,Switches,Inputs,None,CleanPowerSources,Electrolyzers"
OT_EnergyRecycle,DynamicsSpec,DWSIM.Interfaces.Enums.Dynamics+DynamicsSpecType,"Pressure,Flow"
OT_Recycle,AccelerationMethod,DWSIM.Interfaces.Enums.AccelMethod,"None,Wegstein,Dominant_Eigenvalue,GlobalBroyden"
OT_Recycle,ObjectClass,DWSIM.Interfaces.Enums.SimulationObjectClass,"Streams,PressureChangers,Separators,MixersSplitters,Exchangers,Reactors,Columns,Solids,CAPEOPEN,UserModels,Logical,Other,Indicators,Controllers,Switches,Inputs,None,CleanPowerSources,Electrolyzers"
OT_Recycle,DynamicsSpec,DWSIM.Interfaces.Enums.Dynamics+DynamicsSpecType,"Pressure,Flow"
OT_Spec,SpecCalculationMode,DWSIM.Interfaces.Enums.SpecCalcMode2,"GlobalSetting,AfterSourceObject,BeforeTargetObject,BeforeFlowsheet,AfterFlowsheet,AfterObject,BeforeObject"
OT_Spec,ObjectClass,DWSIM.Interfaces.Enums.SimulationObjectClass,"Streams,PressureChangers,Separators,MixersSplitters,Exchangers,Reactors,Columns,Solids,CAPEOPEN,UserModels,Logical,Other,Indicators,Controllers,Switches,Inputs,None,CleanPowerSources,Electrolyzers"
OT_Spec,DynamicsSpec,DWSIM.Interfaces.Enums.Dynamics+DynamicsSpecType,"Pressure,Flow"
OrificePlate,ObjectClass,DWSIM.Interfaces.Enums.SimulationObjectClass,"Streams,PressureChangers,Separators,MixersSplitters,Exchangers,Reactors,Columns,Solids,CAPEOPEN,UserModels,Logical,Other,Indicators,Controllers,Switches,Inputs,None,CleanPowerSources,Electrolyzers"
OrificePlate,OrifType,DWSIM.UnitOperations.UnitOperations.OrificePlate+OrificeType,"CornerTaps,FlangeTaps,RadiusTaps"
OrificePlate,CalculationMethod,DWSIM.UnitOperations.UnitOperations.OrificePlate+CalcMethod,"Homogeneous,Slip"
OrificePlate,DynamicsSpec,DWSIM.Interfaces.Enums.Dynamics+DynamicsSpecType,"Pressure,Flow"
PEMFuelCell,ObjectClass,DWSIM.Interfaces.Enums.SimulationObjectClass,"Streams,PressureChangers,Separators,MixersSplitters,Exchangers,Reactors,Columns,Solids,CAPEOPEN,UserModels,Logical,Other,Indicators,Controllers,Switches,Inputs,None,CleanPowerSources,Electrolyzers"
PEMFuelCell,DynamicsSpec,DWSIM.Interfaces.Enums.Dynamics+DynamicsSpecType,"Pressure,Flow"
Pipe,ObjectClass,DWSIM.Interfaces.Enums.SimulationObjectClass,"Streams,PressureChangers,Separators,MixersSplitters,Exchangers,Reactors,Columns,Solids,CAPEOPEN,UserModels,Logical,Other,Indicators,Controllers,Switches,Inputs,None,CleanPowerSources,Electrolyzers"
Pipe,Specification,DWSIM.UnitOperations.UnitOperations.Pipe+Specmode,"Length,OutletPressure,OutletTemperature"
Pipe,SelectedFlowPackage,DWSIM.UnitOperations.UnitOperations.FlowPackage,"Beggs_Brill,Lockhart_Martinelli,Petalas_Aziz"
Pipe,DynamicsSpec,DWSIM.Interfaces.Enums.Dynamics+DynamicsSpecType,"Pressure,Flow"
Pump,ObjectClass,DWSIM.Interfaces.Enums.SimulationObjectClass,"Streams,PressureChangers,Separators,MixersSplitters,Exchangers,Reactors,Columns,Solids,CAPEOPEN,UserModels,Logical,Other,Indicators,Controllers,Switches,Inputs,None,CleanPowerSources,Electrolyzers"
Pump,CalcMode,DWSIM.UnitOperations.UnitOperations.Pump+CalculationMode,"Delta_P,OutletPressure,EnergyStream,Curves,Power"
Pump,DynamicsSpec,DWSIM.Interfaces.Enums.Dynamics+DynamicsSpecType,"Pressure,Flow"
RCT_CSTR,ObjectClass,DWSIM.Interfaces.Enums.SimulationObjectClass,"Streams,PressureChangers,Separators,MixersSplitters,Exchangers,Reactors,Columns,Solids,CAPEOPEN,UserModels,Logical,Other,Indicators,Controllers,Switches,Inputs,None,CleanPowerSources,Electrolyzers"
RCT_CSTR,ReactorOperationMode,DWSIM.UnitOperations.Reactors.OperationMode,"Isothermic,Adiabatic,OutletTemperature,NonIsothermalNonAdiabatic"
RCT_CSTR,DynamicsSpec,DWSIM.Interfaces.Enums.Dynamics+DynamicsSpecType,"Pressure,Flow"
RCT_Conversion,ObjectClass,DWSIM.Interfaces.Enums.SimulationObjectClass,"Streams,PressureChangers,Separators,MixersSplitters,Exchangers,Reactors,Columns,Solids,CAPEOPEN,UserModels,Logical,Other,Indicators,Controllers,Switches,Inputs,None,CleanPowerSources,Electrolyzers"
RCT_Conversion,ReactorOperationMode,DWSIM.UnitOperations.Reactors.OperationMode,"Isothermic,Adiabatic,OutletTemperature,NonIsothermalNonAdiabatic"
RCT_Conversion,DynamicsSpec,DWSIM.Interfaces.Enums.Dynamics+DynamicsSpecType,"Pressure,Flow"
RCT_Equilibrium,ObjectClass,DWSIM.Interfaces.Enums.SimulationObjectClass,"Streams,PressureChangers,Separators,MixersSplitters,Exchangers,Reactors,Columns,Solids,CAPEOPEN,UserModels,Logical,Other,Indicators,Controllers,Switches,Inputs,None,CleanPowerSources,Electrolyzers"
RCT_Equilibrium,ReactorOperationMode,DWSIM.UnitOperations.Reactors.OperationMode,"Isothermic,Adiabatic,OutletTemperature,NonIsothermalNonAdiabatic"
RCT_Equilibrium,DynamicsSpec,DWSIM.Interfaces.Enums.Dynamics+DynamicsSpecType,"Pressure,Flow"
RCT_Gibbs,ReactivePhaseBehavior,DWSIM.UnitOperations.Reactors.Reactor_Gibbs+ReactivePhaseType,"CalculateEquilibrium,Vapor,Liquid,Solid"
RCT_Gibbs,ObjectClass,DWSIM.Interfaces.Enums.SimulationObjectClass,"Streams,PressureChangers,Separators,MixersSplitters,Exchangers,Reactors,Columns,Solids,CAPEOPEN,UserModels,Logical,Other,Indicators,Controllers,Switches,Inputs,None,CleanPowerSources,Electrolyzers"
RCT_Gibbs,ReactorOperationMode,DWSIM.UnitOperations.Reactors.OperationMode,"Isothermic,Adiabatic,OutletTemperature,NonIsothermalNonAdiabatic"
RCT_Gibbs,DynamicsSpec,DWSIM.Interfaces.Enums.Dynamics+DynamicsSpecType,"Pressure,Flow"
RCT_GibbsReaktoro,ObjectClass,DWSIM.Interfaces.Enums.SimulationObjectClass,"Streams,PressureChangers,Separators,MixersSplitters,Exchangers,Reactors,Columns,Solids,CAPEOPEN,UserModels,Logical,Other,Indicators,Controllers,Switches,Inputs,None,CleanPowerSources,Electrolyzers"
RCT_GibbsReaktoro,ReactorOperationMode,DWSIM.UnitOperations.Reactors.OperationMode,"Isothermic,Adiabatic,OutletTemperature,NonIsothermalNonAdiabatic"
RCT_GibbsReaktoro,DynamicsSpec,DWSIM.Interfaces.Enums.Dynamics+DynamicsSpecType,"Pressure,Flow"
RCT_PFR,ReactorSizingType,DWSIM.UnitOperations.Reactors.Reactor_PFR+SizingType,"Length,Diameter"
RCT_PFR,ObjectClass,DWSIM.Interfaces.Enums.SimulationObjectClass,"Streams,PressureChangers,Separators,MixersSplitters,Exchangers,Reactors,Columns,Solids,CAPEOPEN,UserModels,Logical,Other,Indicators,Controllers,Switches,Inputs,None,CleanPowerSources,Electrolyzers"
RCT_PFR,ReactorOperationMode,DWSIM.UnitOperations.Reactors.OperationMode,"Isothermic,Adiabatic,OutletTemperature,NonIsothermalNonAdiabatic"
RCT_PFR,DynamicsSpec,DWSIM.Interfaces.Enums.Dynamics+DynamicsSpecType,"Pressure,Flow"
ShortcutColumn,ObjectClass,DWSIM.Interfaces.Enums.SimulationObjectClass,"Streams,PressureChangers,Separators,MixersSplitters,Exchangers,Reactors,Columns,Solids,CAPEOPEN,UserModels,Logical,Other,Indicators,Controllers,Switches,Inputs,None,CleanPowerSources,Electrolyzers"
ShortcutColumn,DynamicsSpec,DWSIM.Interfaces.Enums.Dynamics+DynamicsSpecType,"Pressure,Flow"
SolarPanel,ObjectClass,DWSIM.Interfaces.Enums.SimulationObjectClass,"Streams,PressureChangers,Separators,MixersSplitters,Exchangers,Reactors,Columns,Solids,CAPEOPEN,UserModels,Logical,Other,Indicators,Controllers,Switches,Inputs,None,CleanPowerSources,Electrolyzers"
SolarPanel,DynamicsSpec,DWSIM.Interfaces.Enums.Dynamics+DynamicsSpecType,"Pressure,Flow"
SolidSeparator,ObjectClass,DWSIM.Interfaces.Enums.SimulationObjectClass,"Streams,PressureChangers,Separators,MixersSplitters,Exchangers,Reactors,Columns,Solids,CAPEOPEN,UserModels,Logical,Other,Indicators,Controllers,Switches,Inputs,None,CleanPowerSources,Electrolyzers"
SolidSeparator,DynamicsSpec,DWSIM.Interfaces.Enums.Dynamics+DynamicsSpecType,"Pressure,Flow"
Splitter,ObjectClass,DWSIM.Interfaces.Enums.SimulationObjectClass,"Streams,PressureChangers,Separators,MixersSplitters,Exchangers,Reactors,Columns,Solids,CAPEOPEN,UserModels,Logical,Other,Indicators,Controllers,Switches,Inputs,None,CleanPowerSources,Electrolyzers"
Splitter,OperationMode,DWSIM.UnitOperations.UnitOperations.Splitter+OpMode,"SplitRatios,StreamMassFlowSpec,StreamMoleFlowSpec"
Splitter,DynamicsSpec,DWSIM.Interfaces.Enums.Dynamics+DynamicsSpecType,"Pressure,Flow"
Switch,ObjectClass,DWSIM.Interfaces.Enums.SimulationObjectClass,"Streams,PressureChangers,Separators,MixersSplitters,Exchangers,Reactors,Columns,Solids,CAPEOPEN,UserModels,Logical,Other,Indicators,Controllers,Switches,Inputs,None,CleanPowerSources,Electrolyzers"
Switch,SelectedPropertyType,DWSIM.Interfaces.Enums.UnitOfMeasure,"accel,activity,activityCoefficient,area,boilingPointTemperature,cakeresistance,cinematic_viscosity,compressibility,compressibilityFactor,deltaP,deltaT,density,diameter,distance,enthalpy,entropy,excessEnthalpy,excessEntropy,force,foulingfactor,fugacity,fugacityCoefficient,gor,head,heat_transf_coeff,heatCapacityCp,heatCapacityCv,heatflow,idealGasHeatCapacity,jouleThomsonCoefficient,kvalue,logFugacityCoefficient,logKvalue,mass,mass_conc,massflow,massfraction,mediumresistance,meltingTemperature,molar_conc,molar_enthalpy,molar_entropy,molar_volume,molarflow,molarfraction,molecularWeight,pressure,reac_rate,reac_rate_heterog,spec_vol,speedOfSound,surfaceTension,temperature,thermalConductivity,thermalConductivityOfLiquid,thermalConductivityOfVapor,thickness,time,vaporPressure,velocity,viscosity,viscosityOfLiquid,viscosityOfVapor,volume,volumetricFlow,diffusivity,none,conductance,heat,mole,emission_factor,specificpower"
Switch,DynamicsSpec,DWSIM.Interfaces.Enums.Dynamics+DynamicsSpecType,"Pressure,Flow"
Tank,ObjectClass,DWSIM.Interfaces.Enums.SimulationObjectClass,"Streams,PressureChangers,Separators,MixersSplitters,Exchangers,Reactors,Columns,Solids,CAPEOPEN,UserModels,Logical,Other,Indicators,Controllers,Switches,Inputs,None,CleanPowerSources,Electrolyzers"
Tank,DynamicsSpec,DWSIM.Interfaces.Enums.Dynamics+DynamicsSpecType,"Pressure,Flow"
Valve,ObjectClass,DWSIM.Interfaces.Enums.SimulationObjectClass,"Streams,PressureChangers,Separators,MixersSplitters,Exchangers,Reactors,Columns,Solids,CAPEOPEN,UserModels,Logical,Other,Indicators,Controllers,Switches,Inputs,None,CleanPowerSources,Electrolyzers"
Valve,DefinedOpeningKvRelationShipType,DWSIM.UnitOperations.UnitOperations.Valve+OpeningKvRelationshipType,"Linear,EqualPercentage,QuickOpening,UserDefined,DataTable"
Valve,FlowCoefficient,DWSIM.UnitOperations.UnitOperations.Valve+FlowCoefficientType,"Kv,Cv"
Valve,CalcMode,DWSIM.UnitOperations.UnitOperations.Valve+CalculationMode,"DeltaP,OutletPressure,Kv_Liquid,Kv_Gas,Kv_Steam,Kv_General"
Valve,DynamicsSpec,DWSIM.Interfaces.Enums.Dynamics+DynamicsSpecType,"Pressure,Flow"
Vessel,ObjectClass,DWSIM.Interfaces.Enums.SimulationObjectClass,"Streams,PressureChangers,Separators,MixersSplitters,Exchangers,Reactors,Columns,Solids,CAPEOPEN,UserModels,Logical,Other,Indicators,Controllers,Switches,Inputs,None,CleanPowerSources,Electrolyzers"
Vessel,CalculationMode,DWSIM.UnitOperations.UnitOperations.Vessel+CalculationModes,"Adiabatic,Legacy,HeatingCoolingIsothermic,HeatingCoolingIsobaric"
Vessel,PressureCalculation,DWSIM.UnitOperations.UnitOperations.Vessel+PressureBehavior,"Average,Maximum,Minimum"
Vessel,DynamicsSpec,DWSIM.Interfaces.Enums.Dynamics+DynamicsSpecType,"Pressure,Flow"
WaterElectrolyzer,ObjectClass,DWSIM.Interfaces.Enums.SimulationObjectClass,"Streams,PressureChangers,Separators,MixersSplitters,Exchangers,Reactors,Columns,Solids,CAPEOPEN,UserModels,Logical,Other,Indicators,Controllers,Switches,Inputs,None,CleanPowerSources,Electrolyzers"
WaterElectrolyzer,DynamicsSpec,DWSIM.Interfaces.Enums.Dynamics+DynamicsSpecType,"Pressure,Flow"
WindTurbine,ObjectClass,DWSIM.Interfaces.Enums.SimulationObjectClass,"Streams,PressureChangers,Separators,MixersSplitters,Exchangers,Reactors,Columns,Solids,CAPEOPEN,UserModels,Logical,Other,Indicators,Controllers,Switches,Inputs,None,CleanPowerSources,Electrolyzers"
WindTurbine,DynamicsSpec,DWSIM.Interfaces.Enums.Dynamics+DynamicsSpecType,"Pressure,Flow"
