EV	DWSIM.Interfaces.Enums.SampleType	Light	0
EV	DWSIM.Interfaces.Enums.SampleType	Average	1
EV	DWSIM.Interfaces.Enums.SampleType	Heavy	2
EV	DWSIM.Interfaces.Enums.UndoRedoActionType	SimulationObjectPropertyChanged	0
EV	DWSIM.Interfaces.Enums.UndoRedoActionType	FlowsheetObjectPropertyChanged	1
EV	DWSIM.Interfaces.Enums.UndoRedoActionType	FlowsheetObjectConnected	2
EV	DWSIM.Interfaces.Enums.UndoRedoActionType	FlowsheetObjectDisconnected	3
EV	DWSIM.Interfaces.Enums.UndoRedoActionType	ObjectAdded	4
EV	DWSIM.Interfaces.Enums.UndoRedoActionType	ObjectRemoved	5
EV	DWSIM.Interfaces.Enums.UndoRedoActionType	SystemOfUnitsAdded	6
EV	DWSIM.Interfaces.Enums.UndoRedoActionType	SystemOfUnitsRemoved	7
EV	DWSIM.Interfaces.Enums.UndoRedoActionType	SystemOfUnitsChanged	8
EV	DWSIM.Interfaces.Enums.UndoRedoActionType	CompoundAdded	9
EV	DWSIM.Interfaces.Enums.UndoRedoActionType	CompoundRemoved	10
EV	DWSIM.Interfaces.Enums.UndoRedoActionType	PropertyPackagePropertyChanged	11
EV	DWSIM.Interfaces.Enums.UndoRedoActionType	PropertyPackageAdded	12
EV	DWSIM.Interfaces.Enums.UndoRedoActionType	PropertyPackageRemoved	13
EV	DWSIM.Interfaces.Enums.UndoRedoActionType	CutObjects	14
EV	DWSIM.Interfaces.Enums.UndoRedoActionType	PasteObjects	15
EV	DWSIM.Interfaces.Enums.UndoRedoActionType	SpreadsheetCellChanged	16
EV	DWSIM.Interfaces.Enums.SnapshotType	All	0
EV	DWSIM.Interfaces.Enums.SnapshotType	ObjectLayout	1
EV	DWSIM.Interfaces.Enums.SnapshotType	ObjectData	2
EV	DWSIM.Interfaces.Enums.SnapshotType	Compounds	3
EV	DWSIM.Interfaces.Enums.SnapshotType	ReactionSubsystem	4
EV	DWSIM.Interfaces.Enums.SnapshotType	PropertyPackages	5
EV	DWSIM.Interfaces.Enums.SnapshotType	Spreadsheet	6
EV	DWSIM.Interfaces.Enums.SnapshotType	SimulationSettings	7
EV	DWSIM.Interfaces.Enums.SnapshotType	WindowLayout	8
EV	DWSIM.Interfaces.Enums.SnapshotType	ObjectAddedOrRemoved	9
EV	DWSIM.Interfaces.Enums.FlowsheetUtility	PhaseEnvelope	0
EV	DWSIM.Interfaces.Enums.FlowsheetUtility	PhaseEnvelopeBinary	1
EV	DWSIM.Interfaces.Enums.FlowsheetUtility	PhaseEnvelopeTernary	2
EV	DWSIM.Interfaces.Enums.FlowsheetUtility	NaturalGasHydrates	3
EV	DWSIM.Interfaces.Enums.FlowsheetUtility	TrueCriticalPoint	4
EV	DWSIM.Interfaces.Enums.FlowsheetUtility	PSVSizing	5
EV	DWSIM.Interfaces.Enums.FlowsheetUtility	SeparatorSizing	6
EV	DWSIM.Interfaces.Enums.FlowsheetUtility	PetroleumProperties	7
EV	DWSIM.Interfaces.Enums.FlowsheetUtility	PureCompoundProperties	8
EV	DWSIM.Interfaces.Enums.UnitOfMeasure	accel	0
EV	DWSIM.Interfaces.Enums.UnitOfMeasure	activity	1
EV	DWSIM.Interfaces.Enums.UnitOfMeasure	activityCoefficient	2
EV	DWSIM.Interfaces.Enums.UnitOfMeasure	area	3
EV	DWSIM.Interfaces.Enums.UnitOfMeasure	boilingPointTemperature	4
EV	DWSIM.Interfaces.Enums.UnitOfMeasure	cakeresistance	5
EV	DWSIM.Interfaces.Enums.UnitOfMeasure	cinematic_viscosity	6
EV	DWSIM.Interfaces.Enums.UnitOfMeasure	compressibility	7
EV	DWSIM.Interfaces.Enums.UnitOfMeasure	compressibilityFactor	8
EV	DWSIM.Interfaces.Enums.UnitOfMeasure	deltaP	9
EV	DWSIM.Interfaces.Enums.UnitOfMeasure	deltaT	10
EV	DWSIM.Interfaces.Enums.UnitOfMeasure	density	11
EV	DWSIM.Interfaces.Enums.UnitOfMeasure	diameter	12
EV	DWSIM.Interfaces.Enums.UnitOfMeasure	distance	13
EV	DWSIM.Interfaces.Enums.UnitOfMeasure	enthalpy	14
EV	DWSIM.Interfaces.Enums.UnitOfMeasure	entropy	15
EV	DWSIM.Interfaces.Enums.UnitOfMeasure	excessEnthalpy	16
EV	DWSIM.Interfaces.Enums.UnitOfMeasure	excessEntropy	17
EV	DWSIM.Interfaces.Enums.UnitOfMeasure	force	18
EV	DWSIM.Interfaces.Enums.UnitOfMeasure	foulingfactor	19
EV	DWSIM.Interfaces.Enums.UnitOfMeasure	fugacity	20
EV	DWSIM.Interfaces.Enums.UnitOfMeasure	fugacityCoefficient	21
EV	DWSIM.Interfaces.Enums.UnitOfMeasure	gor	22
EV	DWSIM.Interfaces.Enums.UnitOfMeasure	head	23
EV	DWSIM.Interfaces.Enums.UnitOfMeasure	heat_transf_coeff	24
EV	DWSIM.Interfaces.Enums.UnitOfMeasure	heatCapacityCp	25
EV	DWSIM.Interfaces.Enums.UnitOfMeasure	heatCapacityCv	26
EV	DWSIM.Interfaces.Enums.UnitOfMeasure	heatflow	27
EV	DWSIM.Interfaces.Enums.UnitOfMeasure	idealGasHeatCapacity	28
EV	DWSIM.Interfaces.Enums.UnitOfMeasure	jouleThomsonCoefficient	29
EV	DWSIM.Interfaces.Enums.UnitOfMeasure	kvalue	30
EV	DWSIM.Interfaces.Enums.UnitOfMeasure	logFugacityCoefficient	31
EV	DWSIM.Interfaces.Enums.UnitOfMeasure	logKvalue	32
EV	DWSIM.Interfaces.Enums.UnitOfMeasure	mass	33
EV	DWSIM.Interfaces.Enums.UnitOfMeasure	mass_conc	34
EV	DWSIM.Interfaces.Enums.UnitOfMeasure	massflow	35
EV	DWSIM.Interfaces.Enums.UnitOfMeasure	massfraction	36
EV	DWSIM.Interfaces.Enums.UnitOfMeasure	mediumresistance	37
EV	DWSIM.Interfaces.Enums.UnitOfMeasure	meltingTemperature	38
EV	DWSIM.Interfaces.Enums.UnitOfMeasure	molar_conc	39
EV	DWSIM.Interfaces.Enums.UnitOfMeasure	molar_enthalpy	40
EV	DWSIM.Interfaces.Enums.UnitOfMeasure	molar_entropy	41
EV	DWSIM.Interfaces.Enums.UnitOfMeasure	molar_volume	42
EV	DWSIM.Interfaces.Enums.UnitOfMeasure	molarflow	43
EV	DWSIM.Interfaces.Enums.UnitOfMeasure	molarfraction	44
EV	DWSIM.Interfaces.Enums.UnitOfMeasure	molecularWeight	45
EV	DWSIM.Interfaces.Enums.UnitOfMeasure	pressure	46
EV	DWSIM.Interfaces.Enums.UnitOfMeasure	reac_rate	47
EV	DWSIM.Interfaces.Enums.UnitOfMeasure	reac_rate_heterog	48
EV	DWSIM.Interfaces.Enums.UnitOfMeasure	spec_vol	49
EV	DWSIM.Interfaces.Enums.UnitOfMeasure	speedOfSound	50
EV	DWSIM.Interfaces.Enums.UnitOfMeasure	surfaceTension	51
EV	DWSIM.Interfaces.Enums.UnitOfMeasure	temperature	52
EV	DWSIM.Interfaces.Enums.UnitOfMeasure	thermalConductivity	53
EV	DWSIM.Interfaces.Enums.UnitOfMeasure	thermalConductivityOfLiquid	54
EV	DWSIM.Interfaces.Enums.UnitOfMeasure	thermalConductivityOfVapor	55
EV	DWSIM.Interfaces.Enums.UnitOfMeasure	thickness	56
EV	DWSIM.Interfaces.Enums.UnitOfMeasure	time	57
EV	DWSIM.Interfaces.Enums.UnitOfMeasure	vaporPressure	58
EV	DWSIM.Interfaces.Enums.UnitOfMeasure	velocity	59
EV	DWSIM.Interfaces.Enums.UnitOfMeasure	viscosity	60
EV	DWSIM.Interfaces.Enums.UnitOfMeasure	viscosityOfLiquid	61
EV	DWSIM.Interfaces.Enums.UnitOfMeasure	viscosityOfVapor	62
EV	DWSIM.Interfaces.Enums.UnitOfMeasure	volume	63
EV	DWSIM.Interfaces.Enums.UnitOfMeasure	volumetricFlow	64
EV	DWSIM.Interfaces.Enums.UnitOfMeasure	diffusivity	65
EV	DWSIM.Interfaces.Enums.UnitOfMeasure	none	66
EV	DWSIM.Interfaces.Enums.UnitOfMeasure	conductance	67
EV	DWSIM.Interfaces.Enums.UnitOfMeasure	heat	68
EV	DWSIM.Interfaces.Enums.UnitOfMeasure	mole	69
EV	DWSIM.Interfaces.Enums.UnitOfMeasure	emission_factor	70
EV	DWSIM.Interfaces.Enums.UnitOfMeasure	specificpower	71
EV	DWSIM.Interfaces.Enums.OptimizationMethod	Limited_Memory_BGFS	0
EV	DWSIM.Interfaces.Enums.OptimizationMethod	Truncated_Newton	1
EV	DWSIM.Interfaces.Enums.OptimizationMethod	Simplex	2
EV	DWSIM.Interfaces.Enums.OptimizationMethod	IPOPT	3
EV	DWSIM.Interfaces.Enums.AccelMethod	None	0
EV	DWSIM.Interfaces.Enums.AccelMethod	Wegstein	1
EV	DWSIM.Interfaces.Enums.AccelMethod	Dominant_Eigenvalue	2
EV	DWSIM.Interfaces.Enums.AccelMethod	GlobalBroyden	3
EV	DWSIM.Interfaces.Enums.FlashMethod	Default_Algorithm	0
EV	DWSIM.Interfaces.Enums.FlashMethod	Nested_Loops_VLE	1
EV	DWSIM.Interfaces.Enums.FlashMethod	Nested_Loops_VLLE	2
EV	DWSIM.Interfaces.Enums.FlashMethod	Nested_Loops_Immiscible_VLLE	3
EV	DWSIM.Interfaces.Enums.FlashMethod	Inside_Out_VLE	4
EV	DWSIM.Interfaces.Enums.FlashMethod	Inside_Out_VLLE	5
EV	DWSIM.Interfaces.Enums.FlashMethod	Gibbs_Minimization_VLE	6
EV	DWSIM.Interfaces.Enums.FlashMethod	Gibbs_Minimization_VLLE	7
EV	DWSIM.Interfaces.Enums.FlashMethod	Simple_LLE	8
EV	DWSIM.Interfaces.Enums.FlashMethod	Nested_Loops_SLE_Eutectic	9
EV	DWSIM.Interfaces.Enums.FlashMethod	Nested_Loops_SLE_SolidSolution	10
EV	DWSIM.Interfaces.Enums.FlashMethod	BlackOil	11
EV	DWSIM.Interfaces.Enums.FlashMethod	Electrolyte	12
EV	DWSIM.Interfaces.Enums.FlashMethod	SeaWater	13
EV	DWSIM.Interfaces.Enums.FlashMethod	SourWater	14
EV	DWSIM.Interfaces.Enums.FlashMethod	CAPE_OPEN_Equilibrium_Server	15
EV	DWSIM.Interfaces.Enums.FlashMethod	SteamTables	16
EV	DWSIM.Interfaces.Enums.FlashMethod	Nested_Loops_SVLLE	17
EV	DWSIM.Interfaces.Enums.FlashMethod	CoolProp_Incompressibles	18
EV	DWSIM.Interfaces.Enums.FlashMethod	CoolProp_IncompressibleMixtures	19
EV	DWSIM.Interfaces.Enums.FlashMethod	UserDefined	20
EV	DWSIM.Interfaces.Enums.FlashMethod	Gibbs_Minimization_Multiphase	21
EV	DWSIM.Interfaces.Enums.FlashMethod	Universal	22
EV	DWSIM.Interfaces.Enums.FlashMethod	Custom	23
EV	DWSIM.Interfaces.Enums.FlashSetting	PTFlash_External_Loop_Tolerance	0
EV	DWSIM.Interfaces.Enums.FlashSetting	PTFlash_Internal_Loop_Tolerance	1
EV	DWSIM.Interfaces.Enums.FlashSetting	PTFlash_Maximum_Number_Of_External_Iterations	2
EV	DWSIM.Interfaces.Enums.FlashSetting	PTFlash_Maximum_Number_Of_Internal_Iterations	3
EV	DWSIM.Interfaces.Enums.FlashSetting	PHFlash_Internal_Loop_Tolerance	4
EV	DWSIM.Interfaces.Enums.FlashSetting	PHFlash_External_Loop_Tolerance	5
EV	DWSIM.Interfaces.Enums.FlashSetting	PHFlash_Maximum_Number_Of_Internal_Iterations	6
EV	DWSIM.Interfaces.Enums.FlashSetting	PHFlash_Maximum_Number_Of_External_Iterations	7
EV	DWSIM.Interfaces.Enums.FlashSetting	ThreePhaseFlashStabTestSeverity	8
EV	DWSIM.Interfaces.Enums.FlashSetting	ThreePhaseFlashStabTestCompIds	9
EV	DWSIM.Interfaces.Enums.FlashSetting	CalculateBubbleAndDewPoints	10
EV	DWSIM.Interfaces.Enums.FlashSetting	ValidateEquilibriumCalc	11
EV	DWSIM.Interfaces.Enums.FlashSetting	ValidationGibbsTolerance	12
EV	DWSIM.Interfaces.Enums.FlashSetting	UsePhaseIdentificationAlgorithm	13
EV	DWSIM.Interfaces.Enums.FlashSetting	Replace_PTFlash	14
EV	DWSIM.Interfaces.Enums.FlashSetting	GM_OptimizationMethod	15
EV	DWSIM.Interfaces.Enums.FlashSetting	IO_FastMode	16
EV	DWSIM.Interfaces.Enums.FlashSetting	NL_FastMode	17
EV	DWSIM.Interfaces.Enums.FlashSetting	PVFlash_TemperatureDerivativeEpsilon	18
EV	DWSIM.Interfaces.Enums.FlashSetting	PVFlash_MaximumTemperatureChange	19
EV	DWSIM.Interfaces.Enums.FlashSetting	PVFlash_FixedDampingFactor	20
EV	DWSIM.Interfaces.Enums.FlashSetting	ST_Number_of_Random_Tries	21
EV	DWSIM.Interfaces.Enums.FlashSetting	CheckIncipientLiquidForStability	22
EV	DWSIM.Interfaces.Enums.FlashSetting	PHFlash_MaximumTemperatureChange	23
EV	DWSIM.Interfaces.Enums.FlashSetting	PTFlash_DampingFactor	24
EV	DWSIM.Interfaces.Enums.FlashSetting	ForceEquilibriumCalculationType	25
EV	DWSIM.Interfaces.Enums.FlashSetting	ImmiscibleWaterOption	26
EV	DWSIM.Interfaces.Enums.FlashSetting	HandleSolidsInDefaultEqCalcMode	27
EV	DWSIM.Interfaces.Enums.FlashSetting	UseIOFlash	28
EV	DWSIM.Interfaces.Enums.FlashSetting	GibbsMinimizationExternalSolver	29
EV	DWSIM.Interfaces.Enums.FlashSetting	GibbsMinimizationExternalSolverConfigData	30
EV	DWSIM.Interfaces.Enums.FlashSetting	PHFlash_Use_Interpolated_Result_In_Oscillating_Temperature_Cases	31
EV	DWSIM.Interfaces.Enums.FlashSetting	PVFlash_TryIdealCalcOnFailure	32
EV	DWSIM.Interfaces.Enums.FlashSetting	FailSafeCalculationMode	33
EV	DWSIM.Interfaces.Enums.FlashSetting	PVFlash_FivePointStencilNumericalDerivative	34
EV	DWSIM.Interfaces.Enums.FlashCalculationType	PressureTemperature	0
EV	DWSIM.Interfaces.Enums.FlashCalculationType	PressureEnthalpy	1
EV	DWSIM.Interfaces.Enums.FlashCalculationType	PressureEntropy	2
EV	DWSIM.Interfaces.Enums.FlashCalculationType	TemperatureEnthalpy	3
EV	DWSIM.Interfaces.Enums.FlashCalculationType	TemperatureEntropy	4
EV	DWSIM.Interfaces.Enums.FlashCalculationType	PressureVaporFraction	5
EV	DWSIM.Interfaces.Enums.FlashCalculationType	TemperatureVaporFraction	6
EV	DWSIM.Interfaces.Enums.FlashCalculationType	PressureSolidFraction	7
EV	DWSIM.Interfaces.Enums.FlashCalculationType	TemperatureSolidFraction	8
EV	DWSIM.Interfaces.Enums.FlashCalculationType	VolumeTemperature	9
EV	DWSIM.Interfaces.Enums.FlashCalculationType	VolumePressure	10
EV	DWSIM.Interfaces.Enums.FlashCalculationType	VolumeEnthalpy	11
EV	DWSIM.Interfaces.Enums.FlashCalculationType	VolumeEntropy	12
EV	DWSIM.Interfaces.Enums.AdjustVarType	Manipulated	0
EV	DWSIM.Interfaces.Enums.AdjustVarType	Controlled	1
EV	DWSIM.Interfaces.Enums.AdjustVarType	Reference	2
EV	DWSIM.Interfaces.Enums.AdjustVarType	None	3
EV	DWSIM.Interfaces.Enums.SpecVarType	Source	0
EV	DWSIM.Interfaces.Enums.SpecVarType	Target	1
EV	DWSIM.Interfaces.Enums.SpecVarType	None	2
EV	DWSIM.Interfaces.Enums.PropertyType	RO	0
EV	DWSIM.Interfaces.Enums.PropertyType	RW	1
EV	DWSIM.Interfaces.Enums.PropertyType	WR	2
EV	DWSIM.Interfaces.Enums.PropertyType	ALL	3
EV	DWSIM.Interfaces.Enums.StreamType	Feed	0
EV	DWSIM.Interfaces.Enums.StreamType	Product	1
EV	DWSIM.Interfaces.Enums.StreamType	Recycle_In	2
EV	DWSIM.Interfaces.Enums.StreamType	Recycle_Out	3
EV	DWSIM.Interfaces.Enums.StreamType	Inner	4
EV	DWSIM.Interfaces.Enums.StreamType	Undefined	5
EV	DWSIM.Interfaces.Enums.StreamSpec	Temperature_and_Pressure	0
EV	DWSIM.Interfaces.Enums.StreamSpec	Pressure_and_Enthalpy	1
EV	DWSIM.Interfaces.Enums.StreamSpec	Pressure_and_Entropy	2
EV	DWSIM.Interfaces.Enums.StreamSpec	Pressure_and_VaporFraction	3
EV	DWSIM.Interfaces.Enums.StreamSpec	Temperature_and_VaporFraction	4
EV	DWSIM.Interfaces.Enums.StreamSpec	Pressure_and_SolidFraction	5
EV	DWSIM.Interfaces.Enums.StreamSpec	Volume_and_Temperature	6
EV	DWSIM.Interfaces.Enums.StreamSpec	Volume_and_Enthalpy	7
EV	DWSIM.Interfaces.Enums.StreamSpec	Volume_and_Entropy	8
EV	DWSIM.Interfaces.Enums.FlowSpec	Mass	0
EV	DWSIM.Interfaces.Enums.FlowSpec	Mole	1
EV	DWSIM.Interfaces.Enums.FlowSpec	Volumetric	2
EV	DWSIM.Interfaces.Enums.CompositionBasis	Molar_Fractions	0
EV	DWSIM.Interfaces.Enums.CompositionBasis	Mass_Fractions	1
EV	DWSIM.Interfaces.Enums.CompositionBasis	Volumetric_Fractions	2
EV	DWSIM.Interfaces.Enums.CompositionBasis	Molar_Flows	3
EV	DWSIM.Interfaces.Enums.CompositionBasis	Mass_Flows	4
EV	DWSIM.Interfaces.Enums.CompositionBasis	Volumetric_Flows	5
EV	DWSIM.Interfaces.Enums.CompositionBasis	DefaultBasis	6
EV	DWSIM.Interfaces.Enums.PhaseLabel	Mixture	0
EV	DWSIM.Interfaces.Enums.PhaseLabel	Vapor	1
EV	DWSIM.Interfaces.Enums.PhaseLabel	LiquidMixture	2
EV	DWSIM.Interfaces.Enums.PhaseLabel	Liquid1	3
EV	DWSIM.Interfaces.Enums.PhaseLabel	Liquid2	4
EV	DWSIM.Interfaces.Enums.PhaseLabel	Liquid3	5
EV	DWSIM.Interfaces.Enums.PhaseLabel	Aqueous	6
EV	DWSIM.Interfaces.Enums.PhaseLabel	Solid	7
EV	DWSIM.Interfaces.Enums.PhaseName	Liquid	0
EV	DWSIM.Interfaces.Enums.PhaseName	Vapor	1
EV	DWSIM.Interfaces.Enums.PhaseName	Mixture	2
EV	DWSIM.Interfaces.Enums.PhaseName	Solid	3
EV	DWSIM.Interfaces.Enums.ForcedPhase	None	0
EV	DWSIM.Interfaces.Enums.ForcedPhase	Vapor	1
EV	DWSIM.Interfaces.Enums.ForcedPhase	Liquid	2
EV	DWSIM.Interfaces.Enums.ForcedPhase	Solid	3
EV	DWSIM.Interfaces.Enums.ForcedPhase	GlobalDef	4
EV	DWSIM.Interfaces.Enums.ReactionType	Equilibrium	0
EV	DWSIM.Interfaces.Enums.ReactionType	Kinetic	1
EV	DWSIM.Interfaces.Enums.ReactionType	Heterogeneous_Catalytic	2
EV	DWSIM.Interfaces.Enums.ReactionType	Conversion	3
EV	DWSIM.Interfaces.Enums.ReactionBasis	Activity	0
EV	DWSIM.Interfaces.Enums.ReactionBasis	Fugacity	1
EV	DWSIM.Interfaces.Enums.ReactionBasis	MolarConc	2
EV	DWSIM.Interfaces.Enums.ReactionBasis	MassConc	3
EV	DWSIM.Interfaces.Enums.ReactionBasis	MolarFrac	4
EV	DWSIM.Interfaces.Enums.ReactionBasis	MassFrac	5
EV	DWSIM.Interfaces.Enums.ReactionBasis	PartialPress	6
EV	DWSIM.Interfaces.Enums.ReactionPhase	Liquid	0
EV	DWSIM.Interfaces.Enums.ReactionPhase	Vapor	1
EV	DWSIM.Interfaces.Enums.ReactionPhase	Mixture	2
EV	DWSIM.Interfaces.Enums.ReactionPhase	Solid	3
EV	DWSIM.Interfaces.Enums.ReactionPhase	Liquid_Solid	4
EV	DWSIM.Interfaces.Enums.ReactionPhase	Vapor_Solid	5
EV	DWSIM.Interfaces.Enums.ReactionKineticType	Arrhenius	0
EV	DWSIM.Interfaces.Enums.ReactionKineticType	UserDefined	1
EV	DWSIM.Interfaces.Enums.ReactionKinetics	Expression	0
EV	DWSIM.Interfaces.Enums.ReactionKinetics	PythonScript	1
EV	DWSIM.Interfaces.Enums.KOpt	Gibbs	0
EV	DWSIM.Interfaces.Enums.KOpt	Expression	1
EV	DWSIM.Interfaces.Enums.KOpt	Constant	2
EV	DWSIM.Interfaces.Enums.WarningType	Ignore	0
EV	DWSIM.Interfaces.Enums.WarningType	ShowWarning	1
EV	DWSIM.Interfaces.Enums.WarningType	RaiseError	2
EV	DWSIM.Interfaces.Enums.ListPosition	Top	0
EV	DWSIM.Interfaces.Enums.ListPosition	TopRight	1
EV	DWSIM.Interfaces.Enums.ListPosition	Right	2
EV	DWSIM.Interfaces.Enums.ListPosition	RightBottom	3
EV	DWSIM.Interfaces.Enums.ListPosition	Bottom	4
EV	DWSIM.Interfaces.Enums.ListPosition	BottomLeft	5
EV	DWSIM.Interfaces.Enums.ListPosition	Left	6
EV	DWSIM.Interfaces.Enums.ListPosition	LeftTop	7
EV	DWSIM.Interfaces.Enums.SimulationObjectClass	Streams	0
EV	DWSIM.Interfaces.Enums.SimulationObjectClass	PressureChangers	1
EV	DWSIM.Interfaces.Enums.SimulationObjectClass	Separators	2
EV	DWSIM.Interfaces.Enums.SimulationObjectClass	MixersSplitters	3
EV	DWSIM.Interfaces.Enums.SimulationObjectClass	Exchangers	4
EV	DWSIM.Interfaces.Enums.SimulationObjectClass	Reactors	5
EV	DWSIM.Interfaces.Enums.SimulationObjectClass	Columns	6
EV	DWSIM.Interfaces.Enums.SimulationObjectClass	Solids	7
EV	DWSIM.Interfaces.Enums.SimulationObjectClass	CAPEOPEN	8
EV	DWSIM.Interfaces.Enums.SimulationObjectClass	UserModels	9
EV	DWSIM.Interfaces.Enums.SimulationObjectClass	Logical	10
EV	DWSIM.Interfaces.Enums.SimulationObjectClass	Other	11
EV	DWSIM.Interfaces.Enums.SimulationObjectClass	Indicators	12
EV	DWSIM.Interfaces.Enums.SimulationObjectClass	Controllers	13
EV	DWSIM.Interfaces.Enums.SimulationObjectClass	Switches	14
EV	DWSIM.Interfaces.Enums.SimulationObjectClass	Inputs	15
EV	DWSIM.Interfaces.Enums.SimulationObjectClass	None	16
EV	DWSIM.Interfaces.Enums.SimulationObjectClass	CleanPowerSources	17
EV	DWSIM.Interfaces.Enums.SimulationObjectClass	Electrolyzers	18
EV	DWSIM.Interfaces.Enums.ReportItemType	Label	0
EV	DWSIM.Interfaces.Enums.ReportItemType	Description	1
EV	DWSIM.Interfaces.Enums.ReportItemType	TripleColumn	2
EV	DWSIM.Interfaces.Enums.ReportItemType	DoubleColumn	3
EV	DWSIM.Interfaces.Enums.ReportItemType	SingleColumn	4
EV	DWSIM.Interfaces.Enums.ReportType	PlainText	0
EV	DWSIM.Interfaces.Enums.ReportType	RichText	1
EV	DWSIM.Interfaces.Enums.ReportType	Structured	2
EV	DWSIM.Interfaces.Enums.CompoundOrdering	AsAdded	0
EV	DWSIM.Interfaces.Enums.CompoundOrdering	Name_ASC	1
EV	DWSIM.Interfaces.Enums.CompoundOrdering	Name_DESC	2
EV	DWSIM.Interfaces.Enums.CompoundOrdering	NBP_ASC	3
EV	DWSIM.Interfaces.Enums.CompoundOrdering	NBP_DESC	4
EV	DWSIM.Interfaces.Enums.CompoundOrdering	MW_ASC	5
EV	DWSIM.Interfaces.Enums.CompoundOrdering	MW_DESC	6
EV	DWSIM.Interfaces.Enums.CompoundOrdering	CAS_ASC	7
EV	DWSIM.Interfaces.Enums.CompoundOrdering	CAS_DESC	8
EV	DWSIM.Interfaces.Enums.CompoundOrdering	TAG_ASC	9
EV	DWSIM.Interfaces.Enums.CompoundOrdering	TAG_DESC	10
EV	DWSIM.Interfaces.Enums.ChartType	TwoDimensionalScatter	0
EV	DWSIM.Interfaces.Enums.ChartType	Pie	1
EV	DWSIM.Interfaces.Enums.ChartType	HorizontalBars	2
EV	DWSIM.Interfaces.Enums.ChartType	VerticalBars	3
EV	DWSIM.Interfaces.Enums.ChartSource	SpreadsheetRange	0
EV	DWSIM.Interfaces.Enums.ChartSource	FlowsheetObject	1
EV	DWSIM.Interfaces.Enums.ExtenderLevel	MainWindow	0
EV	DWSIM.Interfaces.Enums.ExtenderLevel	FlowsheetWindow	1
EV	DWSIM.Interfaces.Enums.ExtenderCategory	File	0
EV	DWSIM.Interfaces.Enums.ExtenderCategory	Edit	1
EV	DWSIM.Interfaces.Enums.ExtenderCategory	Settings	2
EV	DWSIM.Interfaces.Enums.ExtenderCategory	Tools	3
EV	DWSIM.Interfaces.Enums.ExtenderCategory	Utilities	4
EV	DWSIM.Interfaces.Enums.ExtenderCategory	Dynamics	5
EV	DWSIM.Interfaces.Enums.ExtenderCategory	Optimization	6
EV	DWSIM.Interfaces.Enums.ExtenderCategory	Results	7
EV	DWSIM.Interfaces.Enums.ExtenderCategory	View	8
EV	DWSIM.Interfaces.Enums.ExtenderCategory	Help	9
EV	DWSIM.Interfaces.Enums.ExtenderCategory	NewItem	10
EV	DWSIM.Interfaces.Enums.ExtenderCategory	FlowsheetSurfaceSelected	11
EV	DWSIM.Interfaces.Enums.ExtenderCategory	FlowsheetSurfaceNotSelected	12
EV	DWSIM.Interfaces.Enums.ExtenderCategory	ToolStrip	13
EV	DWSIM.Interfaces.Enums.ExtenderCategory	InitializationScript	14
EV	DWSIM.Interfaces.Enums.ExternalSolverCategory	LinearSystem	0
EV	DWSIM.Interfaces.Enums.ExternalSolverCategory	NonLinearSystem	1
EV	DWSIM.Interfaces.Enums.ExternalSolverCategory	NonLinearMinimization	2
EV	DWSIM.Interfaces.Enums.ExternalSolverCategory	OrdinaryDifferentialEquations	3
EV	DWSIM.Interfaces.Enums.SpecCalcMode	AfterSourceObject	0
EV	DWSIM.Interfaces.Enums.SpecCalcMode	BeforeTargetObject	1
EV	DWSIM.Interfaces.Enums.SpecCalcMode	BeforeFlowsheet	2
EV	DWSIM.Interfaces.Enums.SpecCalcMode	AfterFlowsheet	3
EV	DWSIM.Interfaces.Enums.SpecCalcMode2	GlobalSetting	0
EV	DWSIM.Interfaces.Enums.SpecCalcMode2	AfterSourceObject	1
EV	DWSIM.Interfaces.Enums.SpecCalcMode2	BeforeTargetObject	2
EV	DWSIM.Interfaces.Enums.SpecCalcMode2	BeforeFlowsheet	3
EV	DWSIM.Interfaces.Enums.SpecCalcMode2	AfterFlowsheet	4
EV	DWSIM.Interfaces.Enums.SpecCalcMode2	AfterObject	5
EV	DWSIM.Interfaces.Enums.SpecCalcMode2	BeforeObject	6
EV	DWSIM.Interfaces.Enums.DimensionName	NotDefined	0
EV	DWSIM.Interfaces.Enums.DimensionName	Length	1
EV	DWSIM.Interfaces.Enums.DimensionName	Diameter	2
EV	DWSIM.Interfaces.Enums.DimensionName	Height	3
EV	DWSIM.Interfaces.Enums.DimensionName	Area	4
EV	DWSIM.Interfaces.Enums.DimensionName	Volume	5
EV	DWSIM.Interfaces.Enums.DimensionName	Flow	6
EV	DWSIM.Interfaces.Enums.DimensionName	MassFlow	7
EV	DWSIM.Interfaces.Enums.DimensionName	Head	8
EV	DWSIM.Interfaces.Enums.DimensionName	Efficiency	9
EV	DWSIM.Interfaces.Enums.DimensionName	Power	10
EV	DWSIM.Interfaces.Enums.DimensionName	HeatDuty	11
EV	DWSIM.Interfaces.Enums.DimensionName	Pressure	12
EV	DWSIM.Interfaces.Enums.DimensionName	PressureDifference	13
EV	DWSIM.Interfaces.Enums.DimensionName	NumberOfTubes	14
EV	DWSIM.Interfaces.Enums.DimensionName	NumberofPackings	15
EV	DWSIM.Interfaces.Enums.DimensionName	NumberOfSections	16
EV	DWSIM.Interfaces.Enums.DimensionName	NumberOfTrays	17
EV	DWSIM.Interfaces.Enums.DimensionName	NumberOfCells	18
EV	DWSIM.Interfaces.Enums.GraphicObjects.ConType	ConEn	0
EV	DWSIM.Interfaces.Enums.GraphicObjects.ConType	ConOut	1
EV	DWSIM.Interfaces.Enums.GraphicObjects.ConType	ConSp	2
EV	DWSIM.Interfaces.Enums.GraphicObjects.ConType	ConIn	-1
EV	DWSIM.Interfaces.Enums.GraphicObjects.ConDir	Up	0
EV	DWSIM.Interfaces.Enums.GraphicObjects.ConDir	Down	1
EV	DWSIM.Interfaces.Enums.GraphicObjects.ConDir	Right	2
EV	DWSIM.Interfaces.Enums.GraphicObjects.ConDir	Left	3
EV	DWSIM.Interfaces.Enums.GraphicObjects.ObjectType	NodeIn	0
EV	DWSIM.Interfaces.Enums.GraphicObjects.ObjectType	NodeOut	1
EV	DWSIM.Interfaces.Enums.GraphicObjects.ObjectType	NodeEn	2
EV	DWSIM.Interfaces.Enums.GraphicObjects.ObjectType	Pump	3
EV	DWSIM.Interfaces.Enums.GraphicObjects.ObjectType	Tank	4
EV	DWSIM.Interfaces.Enums.GraphicObjects.ObjectType	Vessel	5
EV	DWSIM.Interfaces.Enums.GraphicObjects.ObjectType	MaterialStream	6
EV	DWSIM.Interfaces.Enums.GraphicObjects.ObjectType	EnergyStream	7
EV	DWSIM.Interfaces.Enums.GraphicObjects.ObjectType	Compressor	8
EV	DWSIM.Interfaces.Enums.GraphicObjects.ObjectType	Expander	9
EV	DWSIM.Interfaces.Enums.GraphicObjects.ObjectType	TPVessel	10
EV	DWSIM.Interfaces.Enums.GraphicObjects.ObjectType	Cooler	11
EV	DWSIM.Interfaces.Enums.GraphicObjects.ObjectType	Heater	12
EV	DWSIM.Interfaces.Enums.GraphicObjects.ObjectType	Pipe	13
EV	DWSIM.Interfaces.Enums.GraphicObjects.ObjectType	Valve	14
EV	DWSIM.Interfaces.Enums.GraphicObjects.ObjectType	Nenhum	15
EV	DWSIM.Interfaces.Enums.GraphicObjects.ObjectType	GO_Table	16
EV	DWSIM.Interfaces.Enums.GraphicObjects.ObjectType	GO_Text	17
EV	DWSIM.Interfaces.Enums.GraphicObjects.ObjectType	GO_Image	18
EV	DWSIM.Interfaces.Enums.GraphicObjects.ObjectType	GO_FloatingTable	19
EV	DWSIM.Interfaces.Enums.GraphicObjects.ObjectType	OT_Adjust	20
EV	DWSIM.Interfaces.Enums.GraphicObjects.ObjectType	OT_Spec	21
EV	DWSIM.Interfaces.Enums.GraphicObjects.ObjectType	OT_Recycle	22
EV	DWSIM.Interfaces.Enums.GraphicObjects.ObjectType	RCT_Conversion	23
EV	DWSIM.Interfaces.Enums.GraphicObjects.ObjectType	RCT_Equilibrium	24
EV	DWSIM.Interfaces.Enums.GraphicObjects.ObjectType	RCT_Gibbs	25
EV	DWSIM.Interfaces.Enums.GraphicObjects.ObjectType	RCT_CSTR	26
EV	DWSIM.Interfaces.Enums.GraphicObjects.ObjectType	RCT_PFR	27
EV	DWSIM.Interfaces.Enums.GraphicObjects.ObjectType	HeatExchanger	28
EV	DWSIM.Interfaces.Enums.GraphicObjects.ObjectType	ShortcutColumn	29
EV	DWSIM.Interfaces.Enums.GraphicObjects.ObjectType	DistillationColumn	30
EV	DWSIM.Interfaces.Enums.GraphicObjects.ObjectType	AbsorptionColumn	31
EV	DWSIM.Interfaces.Enums.GraphicObjects.ObjectType	RefluxedAbsorber	32
EV	DWSIM.Interfaces.Enums.GraphicObjects.ObjectType	ReboiledAbsorber	33
EV	DWSIM.Interfaces.Enums.GraphicObjects.ObjectType	OT_EnergyRecycle	34
EV	DWSIM.Interfaces.Enums.GraphicObjects.ObjectType	GO_Animation	35
EV	DWSIM.Interfaces.Enums.GraphicObjects.ObjectType	ComponentSeparator	36
EV	DWSIM.Interfaces.Enums.GraphicObjects.ObjectType	OrificePlate	37
EV	DWSIM.Interfaces.Enums.GraphicObjects.ObjectType	CustomUO	38
EV	DWSIM.Interfaces.Enums.GraphicObjects.ObjectType	ExcelUO	39
EV	DWSIM.Interfaces.Enums.GraphicObjects.ObjectType	CapeOpenUO	40
EV	DWSIM.Interfaces.Enums.GraphicObjects.ObjectType	FlowsheetUO	41
EV	DWSIM.Interfaces.Enums.GraphicObjects.ObjectType	GO_MasterTable	42
EV	DWSIM.Interfaces.Enums.GraphicObjects.ObjectType	SolidSeparator	43
EV	DWSIM.Interfaces.Enums.GraphicObjects.ObjectType	Filter	44
EV	DWSIM.Interfaces.Enums.GraphicObjects.ObjectType	GO_SpreadsheetTable	45
EV	DWSIM.Interfaces.Enums.GraphicObjects.ObjectType	GO_Rectangle	46
EV	DWSIM.Interfaces.Enums.GraphicObjects.ObjectType	CompressorExpander	47
EV	DWSIM.Interfaces.Enums.GraphicObjects.ObjectType	HeaterCooler	48
EV	DWSIM.Interfaces.Enums.GraphicObjects.ObjectType	GO_Chart	49
EV	DWSIM.Interfaces.Enums.GraphicObjects.ObjectType	GO_InputControl	50
EV	DWSIM.Interfaces.Enums.GraphicObjects.ObjectType	External	51
EV	DWSIM.Interfaces.Enums.GraphicObjects.ObjectType	AnalogGauge	52
EV	DWSIM.Interfaces.Enums.GraphicObjects.ObjectType	DigitalGauge	53
EV	DWSIM.Interfaces.Enums.GraphicObjects.ObjectType	LevelGauge	54
EV	DWSIM.Interfaces.Enums.GraphicObjects.ObjectType	Controller_PID	55
EV	DWSIM.Interfaces.Enums.GraphicObjects.ObjectType	Switch	56
EV	DWSIM.Interfaces.Enums.GraphicObjects.ObjectType	Input	57
EV	DWSIM.Interfaces.Enums.GraphicObjects.ObjectType	GO_HTMLText	58
EV	DWSIM.Interfaces.Enums.GraphicObjects.ObjectType	GO_Button	59
EV	DWSIM.Interfaces.Enums.GraphicObjects.ObjectType	AirCooler2	60
EV	DWSIM.Interfaces.Enums.GraphicObjects.ObjectType	WindTurbine	61
EV	DWSIM.Interfaces.Enums.GraphicObjects.ObjectType	HydroelectricTurbine	62
EV	DWSIM.Interfaces.Enums.GraphicObjects.ObjectType	SolarPanel	63
EV	DWSIM.Interfaces.Enums.GraphicObjects.ObjectType	PEMFuelCell	64
EV	DWSIM.Interfaces.Enums.GraphicObjects.ObjectType	WaterElectrolyzer	65
EV	DWSIM.Interfaces.Enums.GraphicObjects.ObjectType	RCT_GibbsReaktoro	66
EV	DWSIM.Interfaces.Enums.GraphicObjects.ObjectType	EnergyMixer	67
EV	DWSIM.Interfaces.Enums.GraphicObjects.ObjectType	Mixer	68
EV	DWSIM.Interfaces.Enums.GraphicObjects.ObjectType	Splitter	69
EV	DWSIM.Interfaces.Enums.GraphicObjects.ObjectType	Controller_Python	70
EV	DWSIM.Interfaces.Enums.GraphicObjects.ObjectType	Dummy	71
EV	DWSIM.Interfaces.Enums.GraphicObjects.ObjectType	SolidOps	72
EV	DWSIM.Interfaces.Enums.GraphicObjects.ShapeIcon	DefaultShape	0
EV	DWSIM.Interfaces.Enums.GraphicObjects.ShapeIcon	NodeIn	1
EV	DWSIM.Interfaces.Enums.GraphicObjects.ShapeIcon	NodeOut	2
EV	DWSIM.Interfaces.Enums.GraphicObjects.ShapeIcon	Pump	3
EV	DWSIM.Interfaces.Enums.GraphicObjects.ShapeIcon	Tank	4
EV	DWSIM.Interfaces.Enums.GraphicObjects.ShapeIcon	Vessel	5
EV	DWSIM.Interfaces.Enums.GraphicObjects.ShapeIcon	Compressor	6
EV	DWSIM.Interfaces.Enums.GraphicObjects.ShapeIcon	Expander	7
EV	DWSIM.Interfaces.Enums.GraphicObjects.ShapeIcon	Cooler	8
EV	DWSIM.Interfaces.Enums.GraphicObjects.ShapeIcon	Heater	9
EV	DWSIM.Interfaces.Enums.GraphicObjects.ShapeIcon	Pipe	10
EV	DWSIM.Interfaces.Enums.GraphicObjects.ShapeIcon	Valve	11
EV	DWSIM.Interfaces.Enums.GraphicObjects.ShapeIcon	RCT_Conversion	12
EV	DWSIM.Interfaces.Enums.GraphicObjects.ShapeIcon	RCT_Equilibrium	13
EV	DWSIM.Interfaces.Enums.GraphicObjects.ShapeIcon	RCT_Gibbs	14
EV	DWSIM.Interfaces.Enums.GraphicObjects.ShapeIcon	RCT_CSTR	15
EV	DWSIM.Interfaces.Enums.GraphicObjects.ShapeIcon	RCT_PFR	16
EV	DWSIM.Interfaces.Enums.GraphicObjects.ShapeIcon	HeatExchanger	17
EV	DWSIM.Interfaces.Enums.GraphicObjects.ShapeIcon	DistillationColumn	18
EV	DWSIM.Interfaces.Enums.GraphicObjects.ShapeIcon	AbsorptionColumn	19
EV	DWSIM.Interfaces.Enums.GraphicObjects.ShapeIcon	ComponentSeparator	20
EV	DWSIM.Interfaces.Enums.GraphicObjects.ShapeIcon	OrificePlate	21
EV	DWSIM.Interfaces.Enums.GraphicObjects.Status	Calculated	0
EV	DWSIM.Interfaces.Enums.GraphicObjects.Status	Calculating	1
EV	DWSIM.Interfaces.Enums.GraphicObjects.Status	ErrorCalculating	2
EV	DWSIM.Interfaces.Enums.GraphicObjects.Status	Inactive	3
EV	DWSIM.Interfaces.Enums.GraphicObjects.Status	Idle	4
EV	DWSIM.Interfaces.Enums.GraphicObjects.Status	NotCalculated	5
EV	DWSIM.Interfaces.Enums.GraphicObjects.Status	Modified	6
EV	DWSIM.Interfaces.Enums.GraphicObjects.FontStyle	Regular	0
EV	DWSIM.Interfaces.Enums.GraphicObjects.FontStyle	Bold	1
EV	DWSIM.Interfaces.Enums.GraphicObjects.FontStyle	Italic	2
EV	DWSIM.Interfaces.Enums.GraphicObjects.FontStyle	BoldItalic	3
EV	DWSIM.Interfaces.Enums.GraphicObjects.PointValueType	Temperature	0
EV	DWSIM.Interfaces.Enums.GraphicObjects.PointValueType	Pressure	1
EV	DWSIM.Interfaces.Enums.GraphicObjects.PointValueType	Flow	2
EV	DWSIM.Interfaces.Enums.GraphicObjects.PointValueType	EnergyFlow	3
EV	DWSIM.Interfaces.Enums.GraphicObjects.PointValueType	Concentration	4
EV	DWSIM.Interfaces.Enums.GraphicObjects.PointValueType	CompoundMassFlow	5
EV	DWSIM.Interfaces.Enums.GraphicObjects.PointValueType	CompoundMolarFlow	6
EV	DWSIM.Interfaces.Enums.GraphicObjects.PointValueType	CompoundMassFraction	7
EV	DWSIM.Interfaces.Enums.GraphicObjects.PointValueType	CompoundMolarFraction	8
EV	DWSIM.Interfaces.Enums.GraphicObjects.PointValueType	MeanSolidParticleSize	9
EV	DWSIM.Interfaces.ConvergenceHelperRequestType	PVFlash	0
EV	DWSIM.Interfaces.ConvergenceHelperRequestType	TVFlash	1
EV	DWSIM.Interfaces.ConvergenceHelperRequestType	PTFlash	2
EV	DWSIM.Interfaces.ConvergenceHelperRequestType	PHFlash	3
EV	DWSIM.Interfaces.ConvergenceHelperRequestType	PSFlash	4
EV	DWSIM.Interfaces.ConvergenceHelperRequestType	GibbsReactorIsothermic	5
EV	DWSIM.Interfaces.ConvergenceHelperRequestType	GibbsReactorAdiabatic	6
EV	DWSIM.Interfaces.ConvergenceHelperRequestType	EquilibriumReactorIsothermic	8
EV	DWSIM.Interfaces.ConvergenceHelperRequestType	EquilibriumReactorAdiabatic	9
EV	DWSIM.Interfaces.WeatherCondition	Sunny	0
EV	DWSIM.Interfaces.WeatherCondition	Cloudy	1
EV	DWSIM.Interfaces.WeatherCondition	Rainy	2
EV	DWSIM.Interfaces.WeatherCondition	Night	3
EV	DWSIM.Interfaces.Enums.Dynamics+DynamicsSpecType	Pressure	0
EV	DWSIM.Interfaces.Enums.Dynamics+DynamicsSpecType	Flow	1
EV	DWSIM.Interfaces.Enums.Dynamics+DynamicsEventType	ChangeProperty	0
EV	DWSIM.Interfaces.Enums.Dynamics+DynamicsEventType	RunScript	1
EV	DWSIM.Interfaces.Enums.Dynamics+DynamicsAlarmType	LL	0
EV	DWSIM.Interfaces.Enums.Dynamics+DynamicsAlarmType	L	1
EV	DWSIM.Interfaces.Enums.Dynamics+DynamicsAlarmType	H	2
EV	DWSIM.Interfaces.Enums.Dynamics+DynamicsAlarmType	HH	3
EV	DWSIM.Interfaces.Enums.Dynamics+DynamicsEventTransitionType	StepChange	0
EV	DWSIM.Interfaces.Enums.Dynamics+DynamicsEventTransitionType	LinearChange	1
EV	DWSIM.Interfaces.Enums.Dynamics+DynamicsEventTransitionType	LogChange	3
EV	DWSIM.Interfaces.Enums.Dynamics+DynamicsEventTransitionType	InverseLogChange	4
EV	DWSIM.Interfaces.Enums.Dynamics+DynamicsEventTransitionType	RandomChange	5
EV	DWSIM.Interfaces.Enums.Dynamics+DynamicsEventTransitionReferenceType	InitialState	0
EV	DWSIM.Interfaces.Enums.Dynamics+DynamicsEventTransitionReferenceType	PreviousEvent	1
EV	DWSIM.Interfaces.Enums.Dynamics+DynamicsEventTransitionReferenceType	SpecificEvent	2
EV	DWSIM.Interfaces.Enums.Scripts+Interpreter	IronPython	0
EV	DWSIM.Interfaces.Enums.Scripts+Interpreter	Python_NET	1
EV	DWSIM.Interfaces.Enums.Scripts+ObjectType	Simulation	0
EV	DWSIM.Interfaces.Enums.Scripts+ObjectType	Solver	1
EV	DWSIM.Interfaces.Enums.Scripts+ObjectType	FlowsheetObject	2
EV	DWSIM.Interfaces.Enums.Scripts+ObjectType	Integrator	3
EV	DWSIM.Interfaces.Enums.Scripts+EventType	SimulationOpened	0
EV	DWSIM.Interfaces.Enums.Scripts+EventType	SimulationSaved	1
EV	DWSIM.Interfaces.Enums.Scripts+EventType	SimulationClosed	2
EV	DWSIM.Interfaces.Enums.Scripts+EventType	ObjectCalculationStarted	3
EV	DWSIM.Interfaces.Enums.Scripts+EventType	ObjectCalculationFinished	4
EV	DWSIM.Interfaces.Enums.Scripts+EventType	ObjectCalculationError	5
EV	DWSIM.Interfaces.Enums.Scripts+EventType	SolverStarted	6
EV	DWSIM.Interfaces.Enums.Scripts+EventType	SolverFinished	7
EV	DWSIM.Interfaces.Enums.Scripts+EventType	SolverRecycleLoop	8
EV	DWSIM.Interfaces.Enums.Scripts+EventType	SimulationTimer1	9
EV	DWSIM.Interfaces.Enums.Scripts+EventType	SimulationTimer5	10
EV	DWSIM.Interfaces.Enums.Scripts+EventType	SimulationTimer15	11
EV	DWSIM.Interfaces.Enums.Scripts+EventType	SimulationTimer30	12
EV	DWSIM.Interfaces.Enums.Scripts+EventType	SimulationTimer60	13
EV	DWSIM.Interfaces.Enums.Scripts+EventType	IntegratorStarted	14
EV	DWSIM.Interfaces.Enums.Scripts+EventType	IntegratorFinished	15
EV	DWSIM.Interfaces.Enums.Scripts+EventType	IntegratorError	16
EV	DWSIM.Interfaces.Enums.Scripts+EventType	IntegratorStep	17
EV	DWSIM.Interfaces.Enums.Scripts+EventType	IntegratorPreStep	18
EV	DWSIM.Interfaces.IFlowsheet+MessageType	Information	0
EV	DWSIM.Interfaces.IFlowsheet+MessageType	Warning	1
EV	DWSIM.Interfaces.IFlowsheet+MessageType	GeneralError	2
EV	DWSIM.Interfaces.IFlowsheet+MessageType	Tip	3
EV	DWSIM.Interfaces.IFlowsheet+MessageType	Other	4
EV	DWSIM.Interfaces.IUtilityPlugin+DispMode	Modal	0
EV	DWSIM.Interfaces.IUtilityPlugin+DispMode	Normal	1
EV	DWSIM.Interfaces.IUtilityPlugin+DispMode	Dockable	2
EV	DWSIM.UnitOperations.UnitOperations.Auxiliary.Pipe.PipeEditorStatus	OK	0
EV	DWSIM.UnitOperations.UnitOperations.Auxiliary.Pipe.PipeEditorStatus	Erro	1
EV	DWSIM.UnitOperations.UnitOperations.Auxiliary.Pipe.PipeEditorStatus	Definir	2
EV	DWSIM.UnitOperations.UnitOperations.Auxiliary.FlowsheetUOMassTransferMode	CompoundMassFlows	0
EV	DWSIM.UnitOperations.UnitOperations.Auxiliary.FlowsheetUOMassTransferMode	CompoundMoleFlows	1
EV	DWSIM.UnitOperations.UnitOperations.Auxiliary.FlowsheetUOMassTransferMode	CompoundMassFractions	2
EV	DWSIM.UnitOperations.UnitOperations.Auxiliary.FlowsheetUOMassTransferMode	CompoundMoleFractions	3
EV	DWSIM.UnitOperations.UnitOperations.Auxiliary.SeparationSpec	MassFlow	0
EV	DWSIM.UnitOperations.UnitOperations.Auxiliary.SeparationSpec	MolarFlow	1
EV	DWSIM.UnitOperations.UnitOperations.Auxiliary.SeparationSpec	PercentInletMassFlow	2
EV	DWSIM.UnitOperations.UnitOperations.Auxiliary.SeparationSpec	PercentInletMolarFlow	3
EV	DWSIM.UnitOperations.UnitOperations.Auxiliary.PumpOps.CurveType	Head	0
EV	DWSIM.UnitOperations.UnitOperations.Auxiliary.PumpOps.CurveType	Power	1
EV	DWSIM.UnitOperations.UnitOperations.Auxiliary.PumpOps.CurveType	NPSHr	2
EV	DWSIM.UnitOperations.UnitOperations.Auxiliary.PumpOps.CurveType	Efficiency	3
EV	DWSIM.UnitOperations.UnitOperations.Auxiliary.PumpOps.CurveType	SystemHead	4
EV	DWSIM.UnitOperations.UnitOperations.Auxiliary.PumpOps.CurveType	None	5
EV	DWSIM.UnitOperations.UnitOperations.HeatExchangerCalcMode	CalcTempHotOut	0
EV	DWSIM.UnitOperations.UnitOperations.HeatExchangerCalcMode	CalcTempColdOut	1
EV	DWSIM.UnitOperations.UnitOperations.HeatExchangerCalcMode	CalcBothTemp	2
EV	DWSIM.UnitOperations.UnitOperations.HeatExchangerCalcMode	CalcBothTemp_UA	3
EV	DWSIM.UnitOperations.UnitOperations.HeatExchangerCalcMode	CalcArea	4
EV	DWSIM.UnitOperations.UnitOperations.HeatExchangerCalcMode	ShellandTube_Rating	5
EV	DWSIM.UnitOperations.UnitOperations.HeatExchangerCalcMode	ShellandTube_CalcFoulingFactor	6
EV	DWSIM.UnitOperations.UnitOperations.HeatExchangerCalcMode	PinchPoint	7
EV	DWSIM.UnitOperations.UnitOperations.HeatExchangerCalcMode	ThermalEfficiency	8
EV	DWSIM.UnitOperations.UnitOperations.HeatExchangerCalcMode	OutletVaporFraction1	9
EV	DWSIM.UnitOperations.UnitOperations.HeatExchangerCalcMode	OutletVaporFraction2	10
EV	DWSIM.UnitOperations.UnitOperations.SpecifiedTemperature	Hot_Fluid	0
EV	DWSIM.UnitOperations.UnitOperations.SpecifiedTemperature	Cold_Fluid	1
EV	DWSIM.UnitOperations.UnitOperations.FlowDirection	CounterCurrent	0
EV	DWSIM.UnitOperations.UnitOperations.FlowDirection	CoCurrent	1
EV	DWSIM.UnitOperations.UnitOperations.HeatExchangerType	DoublePipe	0
EV	DWSIM.UnitOperations.UnitOperations.HeatExchangerType	ShellTubes_E	1
EV	DWSIM.UnitOperations.UnitOperations.HeatExchangerType	ShellTubes_F	2
EV	DWSIM.UnitOperations.UnitOperations.HeatExchangerType	ShellTubes_G	3
EV	DWSIM.UnitOperations.UnitOperations.HeatExchangerType	ShellTubes_H	4
EV	DWSIM.UnitOperations.UnitOperations.HeatExchangerType	ShellTubes_J	5
EV	DWSIM.UnitOperations.UnitOperations.HeatExchangerType	ShellTubes_K	6
EV	DWSIM.UnitOperations.UnitOperations.HeatExchangerType	ShellTubes_X	7
EV	DWSIM.UnitOperations.UnitOperations.FlowPackage	Beggs_Brill	0
EV	DWSIM.UnitOperations.UnitOperations.FlowPackage	Lockhart_Martinelli	1
EV	DWSIM.UnitOperations.UnitOperations.FlowPackage	Petalas_Aziz	2
EV	DWSIM.UnitOperations.SpecialOps.Helpers.Recycle.FlashType	None	0
EV	DWSIM.UnitOperations.SpecialOps.Helpers.Recycle.FlashType	FlashTP	1
EV	DWSIM.UnitOperations.SpecialOps.Helpers.Recycle.FlashType	FlashPH	2
EV	DWSIM.UnitOperations.SpecialOps.Helpers.Recycle.FlashType	FlashPS	3
EV	DWSIM.UnitOperations.Reactors.OperationMode	Isothermic	0
EV	DWSIM.UnitOperations.Reactors.OperationMode	Adiabatic	1
EV	DWSIM.UnitOperations.Reactors.OperationMode	OutletTemperature	2
EV	DWSIM.UnitOperations.Reactors.OperationMode	NonIsothermalNonAdiabatic	3
EV	DWSIM.UnitOperations.UnitOperations.Auxiliary.Pipe.ThermalEditorDefinitions+ThermalProfileType	Definir_CGTC	0
EV	DWSIM.UnitOperations.UnitOperations.Auxiliary.Pipe.ThermalEditorDefinitions+ThermalProfileType	Definir_Q	1
EV	DWSIM.UnitOperations.UnitOperations.Auxiliary.Pipe.ThermalEditorDefinitions+ThermalProfileType	Estimar_CGTC	2
EV	DWSIM.UnitOperations.UnitOperations.Auxiliary.SepOps.Parameter+ParameterType	Fixed	0
EV	DWSIM.UnitOperations.UnitOperations.Auxiliary.SepOps.Parameter+ParameterType	Variable	1
EV	DWSIM.UnitOperations.UnitOperations.Auxiliary.SepOps.StreamInformation+Type	Material	0
EV	DWSIM.UnitOperations.UnitOperations.Auxiliary.SepOps.StreamInformation+Type	Energy	1
EV	DWSIM.UnitOperations.UnitOperations.Auxiliary.SepOps.StreamInformation+Behavior	Distillate	0
EV	DWSIM.UnitOperations.UnitOperations.Auxiliary.SepOps.StreamInformation+Behavior	BottomsLiquid	1
EV	DWSIM.UnitOperations.UnitOperations.Auxiliary.SepOps.StreamInformation+Behavior	Feed	2
EV	DWSIM.UnitOperations.UnitOperations.Auxiliary.SepOps.StreamInformation+Behavior	Sidedraw	3
EV	DWSIM.UnitOperations.UnitOperations.Auxiliary.SepOps.StreamInformation+Behavior	OverheadVapor	4
EV	DWSIM.UnitOperations.UnitOperations.Auxiliary.SepOps.StreamInformation+Behavior	SideOpLiquidProduct	5
EV	DWSIM.UnitOperations.UnitOperations.Auxiliary.SepOps.StreamInformation+Behavior	SideOpVaporProduct	6
EV	DWSIM.UnitOperations.UnitOperations.Auxiliary.SepOps.StreamInformation+Behavior	Steam	7
EV	DWSIM.UnitOperations.UnitOperations.Auxiliary.SepOps.StreamInformation+Behavior	InterExchanger	8
EV	DWSIM.UnitOperations.UnitOperations.Auxiliary.SepOps.StreamInformation+Phase	L	0
EV	DWSIM.UnitOperations.UnitOperations.Auxiliary.SepOps.StreamInformation+Phase	V	1
EV	DWSIM.UnitOperations.UnitOperations.Auxiliary.SepOps.StreamInformation+Phase	B	2
EV	DWSIM.UnitOperations.UnitOperations.Auxiliary.SepOps.StreamInformation+Phase	None	3
EV	DWSIM.UnitOperations.UnitOperations.Auxiliary.SepOps.ColumnSpec+SpecType	Heat_Duty	0
EV	DWSIM.UnitOperations.UnitOperations.Auxiliary.SepOps.ColumnSpec+SpecType	Product_Molar_Flow_Rate	1
EV	DWSIM.UnitOperations.UnitOperations.Auxiliary.SepOps.ColumnSpec+SpecType	Component_Molar_Flow_Rate	2
EV	DWSIM.UnitOperations.UnitOperations.Auxiliary.SepOps.ColumnSpec+SpecType	Product_Mass_Flow_Rate	3
EV	DWSIM.UnitOperations.UnitOperations.Auxiliary.SepOps.ColumnSpec+SpecType	Component_Mass_Flow_Rate	4
EV	DWSIM.UnitOperations.UnitOperations.Auxiliary.SepOps.ColumnSpec+SpecType	Component_Fraction	5
EV	DWSIM.UnitOperations.UnitOperations.Auxiliary.SepOps.ColumnSpec+SpecType	Component_Recovery	6
EV	DWSIM.UnitOperations.UnitOperations.Auxiliary.SepOps.ColumnSpec+SpecType	Stream_Ratio	7
EV	DWSIM.UnitOperations.UnitOperations.Auxiliary.SepOps.ColumnSpec+SpecType	Temperature	8
EV	DWSIM.UnitOperations.UnitOperations.Auxiliary.SepOps.ColumnSpec+SpecType	Feed_Recovery	9
EV	DWSIM.UnitOperations.UnitOperations.CustomUO+PythonExecutionEngine	IronPython	0
EV	DWSIM.UnitOperations.UnitOperations.CustomUO+PythonExecutionEngine	PythonNET	1
EV	DWSIM.UnitOperations.UnitOperations.OrificePlate+CalcMethod	Homogeneous	0
EV	DWSIM.UnitOperations.UnitOperations.OrificePlate+CalcMethod	Slip	1
EV	DWSIM.UnitOperations.UnitOperations.OrificePlate+OrificeType	CornerTaps	0
EV	DWSIM.UnitOperations.UnitOperations.OrificePlate+OrificeType	FlangeTaps	1
EV	DWSIM.UnitOperations.UnitOperations.OrificePlate+OrificeType	RadiusTaps	2
EV	DWSIM.UnitOperations.UnitOperations.Compressor+CalculationMode	OutletPressure	0
EV	DWSIM.UnitOperations.UnitOperations.Compressor+CalculationMode	Delta_P	1
EV	DWSIM.UnitOperations.UnitOperations.Compressor+CalculationMode	EnergyStream	2
EV	DWSIM.UnitOperations.UnitOperations.Compressor+CalculationMode	PowerRequired	3
EV	DWSIM.UnitOperations.UnitOperations.Compressor+CalculationMode	Head	4
EV	DWSIM.UnitOperations.UnitOperations.Compressor+CalculationMode	Curves	5
EV	DWSIM.UnitOperations.UnitOperations.Compressor+CalculationMode	PressureRatio	6
EV	DWSIM.UnitOperations.UnitOperations.Compressor+ProcessPathType	Adiabatic	0
EV	DWSIM.UnitOperations.UnitOperations.Compressor+ProcessPathType	Polytropic	1
EV	DWSIM.UnitOperations.UnitOperations.Cooler+CalculationMode	HeatRemoved	0
EV	DWSIM.UnitOperations.UnitOperations.Cooler+CalculationMode	OutletTemperature	1
EV	DWSIM.UnitOperations.UnitOperations.Cooler+CalculationMode	OutletVaporFraction	2
EV	DWSIM.UnitOperations.UnitOperations.Cooler+CalculationMode	TemperatureChange	3
EV	DWSIM.UnitOperations.UnitOperations.Cooler+CalculationMode	EnergyStream	4
EV	DWSIM.UnitOperations.UnitOperations.AbsorptionColumn+OpMode	Absorber	0
EV	DWSIM.UnitOperations.UnitOperations.AbsorptionColumn+OpMode	Extractor	1
EV	DWSIM.UnitOperations.UnitOperations.Column+ColType	DistillationColumn	0
EV	DWSIM.UnitOperations.UnitOperations.Column+ColType	AbsorptionColumn	1
EV	DWSIM.UnitOperations.UnitOperations.Column+ColType	ReboiledAbsorber	2
EV	DWSIM.UnitOperations.UnitOperations.Column+ColType	RefluxedAbsorber	3
EV	DWSIM.UnitOperations.UnitOperations.Column+SolvingScheme	Ideal_K_Init	0
EV	DWSIM.UnitOperations.UnitOperations.Column+SolvingScheme	Ideal_Enthalpy_Init	1
EV	DWSIM.UnitOperations.UnitOperations.Column+SolvingScheme	Ideal_K_and_Enthalpy_Init	2
EV	DWSIM.UnitOperations.UnitOperations.Column+SolvingScheme	Direct	3
EV	DWSIM.UnitOperations.UnitOperations.Column+condtype	Total_Condenser	0
EV	DWSIM.UnitOperations.UnitOperations.Column+condtype	Partial_Condenser	1
EV	DWSIM.UnitOperations.UnitOperations.Column+condtype	Full_Reflux	2
EV	DWSIM.UnitOperations.UnitOperations.ShortcutColumn+CondenserType	TotalCond	0
EV	DWSIM.UnitOperations.UnitOperations.ShortcutColumn+CondenserType	PartialCond	1
EV	DWSIM.UnitOperations.UnitOperations.Filter+CalculationMode	Design	0
EV	DWSIM.UnitOperations.UnitOperations.Filter+CalculationMode	Simulation	1
EV	DWSIM.UnitOperations.UnitOperations.Heater+CalculationMode	HeatAdded	0
EV	DWSIM.UnitOperations.UnitOperations.Heater+CalculationMode	OutletTemperature	1
EV	DWSIM.UnitOperations.UnitOperations.Heater+CalculationMode	EnergyStream	2
EV	DWSIM.UnitOperations.UnitOperations.Heater+CalculationMode	OutletVaporFraction	3
EV	DWSIM.UnitOperations.UnitOperations.Heater+CalculationMode	TemperatureChange	4
EV	DWSIM.UnitOperations.UnitOperations.Heater+CalculationMode	HeatAddedRemoved	5
EV	DWSIM.UnitOperations.UnitOperations.Mixer+PressureBehavior	Average	0
EV	DWSIM.UnitOperations.UnitOperations.Mixer+PressureBehavior	Maximum	1
EV	DWSIM.UnitOperations.UnitOperations.Mixer+PressureBehavior	Minimum	2
EV	DWSIM.UnitOperations.UnitOperations.Pipe+Specmode	Length	0
EV	DWSIM.UnitOperations.UnitOperations.Pipe+Specmode	OutletPressure	1
EV	DWSIM.UnitOperations.UnitOperations.Pipe+Specmode	OutletTemperature	2
EV	DWSIM.UnitOperations.UnitOperations.Pump+CalculationMode	Delta_P	0
EV	DWSIM.UnitOperations.UnitOperations.Pump+CalculationMode	OutletPressure	1
EV	DWSIM.UnitOperations.UnitOperations.Pump+CalculationMode	EnergyStream	2
EV	DWSIM.UnitOperations.UnitOperations.Pump+CalculationMode	Curves	3
EV	DWSIM.UnitOperations.UnitOperations.Pump+CalculationMode	Power	4
EV	DWSIM.UnitOperations.UnitOperations.Splitter+OpMode	SplitRatios	0
EV	DWSIM.UnitOperations.UnitOperations.Splitter+OpMode	StreamMassFlowSpec	1
EV	DWSIM.UnitOperations.UnitOperations.Splitter+OpMode	StreamMoleFlowSpec	2
EV	DWSIM.UnitOperations.UnitOperations.Expander+CalculationMode	OutletPressure	0
EV	DWSIM.UnitOperations.UnitOperations.Expander+CalculationMode	Delta_P	1
EV	DWSIM.UnitOperations.UnitOperations.Expander+CalculationMode	PowerGenerated	2
EV	DWSIM.UnitOperations.UnitOperations.Expander+CalculationMode	Head	3
EV	DWSIM.UnitOperations.UnitOperations.Expander+CalculationMode	Curves	4
EV	DWSIM.UnitOperations.UnitOperations.Expander+CalculationMode	PressureRatio	5
EV	DWSIM.UnitOperations.UnitOperations.Expander+ProcessPathType	Adiabatic	0
EV	DWSIM.UnitOperations.UnitOperations.Expander+ProcessPathType	Polytropic	1
EV	DWSIM.UnitOperations.UnitOperations.Valve+OpeningKvRelationshipType	Linear	0
EV	DWSIM.UnitOperations.UnitOperations.Valve+OpeningKvRelationshipType	EqualPercentage	1
EV	DWSIM.UnitOperations.UnitOperations.Valve+OpeningKvRelationshipType	QuickOpening	2
EV	DWSIM.UnitOperations.UnitOperations.Valve+OpeningKvRelationshipType	UserDefined	3
EV	DWSIM.UnitOperations.UnitOperations.Valve+OpeningKvRelationshipType	DataTable	4
EV	DWSIM.UnitOperations.UnitOperations.Valve+FlowCoefficientType	Kv	0
EV	DWSIM.UnitOperations.UnitOperations.Valve+FlowCoefficientType	Cv	1
EV	DWSIM.UnitOperations.UnitOperations.Valve+CalculationMode	DeltaP	0
EV	DWSIM.UnitOperations.UnitOperations.Valve+CalculationMode	OutletPressure	1
EV	DWSIM.UnitOperations.UnitOperations.Valve+CalculationMode	Kv_Liquid	2
EV	DWSIM.UnitOperations.UnitOperations.Valve+CalculationMode	Kv_Gas	3
EV	DWSIM.UnitOperations.UnitOperations.Valve+CalculationMode	Kv_Steam	4
EV	DWSIM.UnitOperations.UnitOperations.Valve+CalculationMode	Kv_General	5
EV	DWSIM.UnitOperations.UnitOperations.Vessel+PressureBehavior	Average	0
EV	DWSIM.UnitOperations.UnitOperations.Vessel+PressureBehavior	Maximum	1
EV	DWSIM.UnitOperations.UnitOperations.Vessel+PressureBehavior	Minimum	2
EV	DWSIM.UnitOperations.UnitOperations.Vessel+CalculationModes	Adiabatic	0
EV	DWSIM.UnitOperations.UnitOperations.Vessel+CalculationModes	Legacy	1
EV	DWSIM.UnitOperations.UnitOperations.Vessel+CalculationModes	HeatingCoolingIsothermic	2
EV	DWSIM.UnitOperations.UnitOperations.Vessel+CalculationModes	HeatingCoolingIsobaric	3
EV	DWSIM.UnitOperations.UnitOperations.Vessel+OperationMode	TwoPhase	0
EV	DWSIM.UnitOperations.UnitOperations.Vessel+OperationMode	ThreePhase	1
EV	DWSIM.UnitOperations.Reactors.Reactor_CSTR+EReactorMode	SingleOutlet	0
EV	DWSIM.UnitOperations.Reactors.Reactor_CSTR+EReactorMode	TwoOutlets	1
EV	DWSIM.UnitOperations.Reactors.Reactor_Gibbs+SolvingMethod	ReactionExtents	0
EV	DWSIM.UnitOperations.Reactors.Reactor_Gibbs+SolvingMethod	DirectMinimization	1
EV	DWSIM.UnitOperations.Reactors.Reactor_Gibbs+ReactivePhaseType	CalculateEquilibrium	0
EV	DWSIM.UnitOperations.Reactors.Reactor_Gibbs+ReactivePhaseType	Vapor	1
EV	DWSIM.UnitOperations.Reactors.Reactor_Gibbs+ReactivePhaseType	Liquid	2
EV	DWSIM.UnitOperations.Reactors.Reactor_Gibbs+ReactivePhaseType	Solid	3
EV	DWSIM.UnitOperations.Reactors.Reactor_PFR+SizingType	Length	0
EV	DWSIM.UnitOperations.Reactors.Reactor_PFR+SizingType	Diameter	1